person1,person2,c_assoc_desc_chn,count
苏轼,黄庭坚,书跋由Y所作,31
苏轼,周必大,书跋由Y所作,29
欧阳修,周必大,书跋由Y所作,23
苏轼,李之仪,书跋由Y所作,14
苏轼,陆游,书跋由Y所作,13
苏轼,释惠洪,书跋由Y所作,12
司马光,范镇,致书Y,10
苏轼,魏了翁,书跋由Y所作,9
苏轼,楼钥,书跋由Y所作,9
苏轼,刘克庄,书跋由Y所作,9
苏轼,袁桷,书跋由Y所作,7
苏轼,王恽,书跋由Y所作,7
苏轼,吴师道,书跋由Y所作,7
苏轼,晁说之,书跋由Y所作,7
王安石,黄庭坚,书跋由Y所作,7
欧阳修,尹洙,致书Y,6
苏辙,周必大,书跋由Y所作,6
曾巩,欧阳修,致书Y,6
欧阳修,王回,致书Y,6
王安石,李之仪,书跋由Y所作,6
欧阳修,曾巩,被致书由Y,6
司马光,汪应辰,书跋由Y所作,5
欧阳修,朱熹,书跋由Y所作,5
苏轼,朱熹,书跋由Y所作,5
欧阳修,苏洵,被致书由Y,5
欧阳修,蔡襄,致书Y,5
司马光,杨时,书跋由Y所作,4
司马光,范镇,答Y书,4
曾巩,欧阳修,被致书由Y,4
欧阳修,梅尧臣,为Y所著书作跋,4
欧阳修,吕公著,致书Y,4
欧阳修,周必大,书序由Y所作,4
欧阳修,杜衍,致书Y,4
曾巩,王安石,致书Y,4
欧阳修,曾巩,致书Y,4
司马光,朱熹,书跋由Y所作,4
欧阳修,黄庭坚,书跋由Y所作,4
司马光,周必大,书跋由Y所作,4
王安石,朱熹,书跋由Y所作,4
苏轼,晁补之,被致书由Y,4
苏轼,李之仪,为Y作画赞(画像记),4
苏轼,汪应辰,书跋由Y所作,4
苏轼,黄庭坚,字说、名述由Y所作,4
王安石,汪应辰,书跋由Y所作,3
司马光,黄庭坚,祭文由Y所作,3
欧阳修,杨大雅,为Y作墓志铭,3
苏轼,吕公著,致书Y,3
苏轼,吕大防,致书Y,3
欧阳修,吴中复,致书Y,3
苏轼,吴澄,书跋由Y所作,3
欧阳修,蔡襄,为Y所著书作跋,3
苏轼,张方平,致书Y,3
苏轼,文彦博,致书Y,3
欧阳修,丁宝臣,致书Y,3
欧阳修,赵允让,为Y作祭文,3
司马光,王安石,致书Y,3
王安石,曾巩,被致书由Y,3
欧阳修,韩琦,致书Y,3
苏轼,李纲,书跋由Y所作,3
王安石,司马光,被致书由Y,3
欧阳修,富弼,致书Y,3
司马光,张守,书跋由Y所作,3
苏轼,王柏,书跋由Y所作,3
苏轼,程巨夫,书跋由Y所作,3
苏轼,章惇,致书Y,3
欧阳修,刘敞,致书Y,3
王安石,周必大,书跋由Y所作,3
苏轼,释惟简,为Y作佛寺记,3
司马光,范祖禹,祭文由Y所作,3
欧阳修,晏殊,致书Y,3
苏轼,韩元吉,书跋由Y所作,3
苏轼,韩琦,致书Y,3
曾巩,杜衍,致书Y,3
欧阳修,欧阳守道,书跋由Y所作,3
欧阳修,楼钥,书跋由Y所作,3
苏轼,袁燮,书跋由Y所作,3
曾巩,吕南公,被致书由Y,2
欧阳修,赵槩,致书Y,2
司马光,皮公弼,弹劾,2
欧阳修,韩宗彦,答Y书,2
欧阳修,吕公著,推荐,2
欧阳修,焦千之,致书Y,2
欧阳修,石延年,为Y所著书作序,2
曾巩,王益,为Y作墓志铭,2
王安石,吴孝宗,答Y书,2
司马光,吴蒨,为Y作墓志铭,2
曾巩,王逵,为Y作墓志铭,2
曾巩,王逵,为Y作祭文,2
欧阳修,陈力,致书Y,2
欧阳修,杜氏(赵弘殷妻),为Y作祝词,2
欧阳修,杜衍,为Y作墓志铭,2
欧阳修,薛仲孺,致书Y,2
司马光,夏倚,致书Y,2
曾巩,章佑,为Y作墓志铭,2
欧阳修,狄青,上奏论Y,2
欧阳修,苏轼,书跋由Y所作,2
欧阳修,谢绛,为Y作墓志铭,2
欧阳修,吕溱,答Y书,2
司马光,孙甫,为Y所著书作跋,2
欧阳修,赵顼,答Y书,2
欧阳修,吴充,答Y书,2
司马光,苏轼,祭文由Y所作,2
欧阳修,吴充,致书Y,2
欧阳修,谢绛,致书Y,2
欧阳修,杨万里,祠记由Y所作,2
欧阳修,徐无党,答Y书,2
欧阳修,徐无党,致书Y,2
王安石,周彦先,为Y作墓志铭,2
欧阳修,吴奎,答Y书,2
欧阳修,吴奎,致书Y,2
曾巩,张大亨,学生为Y,2
欧阳修,吴师道,书跋由Y所作,2
欧阳修,连庠,答Y书,2
王安石,吕惠卿,答Y书,2
司马光,范祖禹,致书Y,2
欧阳修,苏辙,墓志铭由Y所作,2
欧阳修,连庶,答Y书,2
司马光,范纯仁,致书Y,2
欧阳修,王圣纪,为Y作临别赠言(送别诗、序),2
欧阳修,文彦博,答Y书,2
司马光,庞籍,致书Y,2
欧阳修,程琳,致书Y,2
欧阳修,文彦博,致Y启,2
欧阳修,苏颂,致书Y,2
王安石,吴师道,书跋由Y所作,2
司马光,张存,为Y作祭文,2
欧阳修,夏守赟,为Y作谥议,2
司马光,张栻,书跋由Y所作,2
欧阳修,韩琦,被致书由Y,2
欧阳修,姚辟,致书Y,2
欧阳修,孔嗣宗,答Y书,2
欧阳修,范仲淹,致书Y,2
司马光,袁说友,书跋由Y所作,2
欧阳修,梁师孟,致书Y,2
欧阳修,孙侔,答Y书,2
欧阳修,王安石,致书Y,2
司马光,张舜民,推荐,2
司马光,赵丙,为Y所著书作序,2
欧阳修,梅尧臣,为Y作墓志铭,2
王安石,吕嘉问,为Y作祭文,2
欧阳修,米光濬,推荐,2
欧阳修,孙沔,致书Y,2
司马光,赵氏(李遵勗妻),为Y作祭文,2
曾巩,曾氏,为Y作墓志铭,2
欧阳修,钱惟演,致Y启,2
欧阳修,安吉,推荐,2
欧阳修,曾公亮,致书Y,2
欧阳修,裴煜,答Y书,2
欧阳修,王拱辰,致书Y,2
欧阳修,胡宿,为Y作祭文,2
曾巩,朱延之,为Y作墓志铭,2
欧阳修,胡寅,为Y作字说、名述,2
欧阳修,宋敏求,致书Y,2
欧阳修,陈舜俞,被致书由Y,2
司马光,曾肇,祭文由Y所作,2
曾巩,李迂,为Y作墓志铭,2
欧阳修,尹洙,收到Y的答书,2
欧阳修,欧阳守道,祠记由Y所作,2
王安石,征集,为Y作墓表,2
欧阳修,许元,为Y之建筑物题咏、记、命名,2
欧阳修,余靖,为Y作神道碑,2
欧阳修,陆游,书跋由Y所作,2
欧阳修,颜复,致书Y,2
欧阳修,欧阳发,致书Y,2
欧阳修,王益柔,致书Y,2
司马光,陆游,书跋由Y所作,2
欧阳修,胥偃,致Y启,2
欧阳修,王素,致书Y,2
欧阳修,丘濬,答Y书,2
王安石,曾公亮,致书Y,2
司马光,韩维,答Y书,2
王安石,曾易占,为Y作墓志铭,2
王安石,曾致尧,为Y作墓志铭,2
欧阳修,赵恒,为Y作祝词,2
欧阳修,冯京,致书Y,2
王安石,李余庆,为Y作墓志铭,2
王安石,李复圭,致书Y,2
王安石,杜杞,为Y作祭文,2
王安石,杜杞,致书Y,2
王安石,杜醇,致书Y,2
王安石,束向,为Y作祭文,2
王安石,杨翱,为Y作墓志铭,2
王安石,欧阳修,被致书由Y,2
欧阳修,常秩,致书Y,2
王安石,沈季长,致书Y,2
王安石,王令,被致书由Y,2
王安石,王师锡,为Y作墓志铭,2
王安石,王逢,为Y作墓志铭,2
王安石,王雱,为Y所著书作序,2
王安石,田况,为Y作墓志铭,2
王安石,赵匡胤,为Y作祝词,2
王安石,赵曙,为Y作祝词,2
王安石,陆佃,祭文由Y所作,2
王安石,陆游,书跋由Y所作,2
王安石,高若讷,为Y作祭文,2
王安石,魏了翁,书跋由Y所作,2
欧阳修,刁约,致书Y,2
王安石,龚原,答Y书,2
欧阳修,欧阳观,为Y作墓表,2
苏轼,刘恕,致书Y,2
苏轼,司马光,为Y作祭文,2
欧阳修,欧阳观,为Y作祭文,2
司马光,魏了翁,书跋由Y所作,2
苏轼,吴复古,为Y之建筑物题咏、记、命名,2
司马光,楚楷,赠诗、文,2
欧阳修,李宗谔,为Y所著书作跋,2
曾巩,沈氏(朱延之妻),为Y作墓志铭,2
苏轼,庄公岳,致书Y,2
苏轼,张大亨,致书Y,2
欧阳修,刘克庄,书跋由Y所作,2
苏轼,张耒,书跋由Y所作,2
苏轼,张耒,答Y书,2
苏轼,戴表元,书跋由Y所作,2
苏轼,文同,为Y之建筑物题咏、记、命名,2
苏轼,文同,为Y作画赞(画像记),2
欧阳修,陆经,为Y作临别赠言(送别诗、序),2
苏轼,晁补之,书跋由Y所作,2
欧阳修,王陶,为Y作临别赠言(送别诗、序),2
司马光,毕仲游,被致书由Y,2
苏轼,朱寿昌,致书Y,2
欧阳修,李宽,致书Y,2
王安石,孙甫,致书Y,2
欧阳修,王陶,致书Y,2
苏轼,李之仪,答Y书,2
苏轼,李廌,答Y书,2
苏轼,李廌,致书Y,2
苏轼,李弥逊,书跋由Y所作,2
苏轼,李昭玘,建筑物得到Y的题咏、记、命名,2
欧阳修,王鼎,致书Y,2
苏轼,林希,致书Y,2
苏轼,林希逸,书跋由Y所作,2
欧阳修,刘湜,致书Y,2
苏轼,欧阳修,为Y作祭文,2
苏轼,欧阳修,为Y所著书作跋,2
苏轼,毕仲游,被致书由Y,2
苏轼,江存之,为Y作字说、名述,2
欧阳修,陆经,答Y书,2
苏轼,牟𪩘,书跋由Y所作,2
苏轼,率子廉,为Y作传,2
苏轼,王巩,为Y作斋、堂铭,2
苏轼,王巩,致书Y,2
苏轼,王庠,致书Y,2
苏轼,王彭,为Y作哀辞,2
欧阳修,田瑜,致Y启,2
欧阳修,刘黄中,致书Y,2
苏轼,王沇之,为Y作哀辞,2
苏轼,王闰之,为Y作画赞(画像记),2
苏轼,秦观,被致书由Y,2
欧阳修,田画,为Y作临别赠言(送别诗、序),2
欧阳修,苏洵,致书Y,2
苏轼,章楶,致书Y,2
苏轼,章衡,致书Y,2
苏轼,胡允文,为Y作祭文,2
苏轼,苏辙,祭文由Y所作,2
苏轼,范百禄,致书Y,2
苏轼,范祖禹,致书Y,2
苏轼,蒲宗孟,致书Y,2
苏轼,薛氏(欧阳修妻),为Y作祭文,2
苏轼,虞集,书跋由Y所作,2
欧阳修,石介,致书Y,2
欧阳修,张氏(杨大雅妻),为Y作墓志铭,2
苏轼,袁说友,书跋由Y所作,2
苏轼,谢举廉,致书Y,2
苏轼,赵令畤,致书Y,2
苏轼,赵宗儒,为Y作祭文,2
苏轼,释了元,致书Y,2
欧阳修,沈邈,致书Y,2
司马光,王慎言,同会,2
苏轼,释惠洪,画赞(画像记)由Y所作,2
苏轼,释法言,致书Y,2
苏轼,释继连,为Y作佛寺记,2
苏轼,钱世雄,致书Y,2
司马光,王柏,书跋由Y所作,2
欧阳修,李端愿,致书Y,2
苏轼,韩琦,为Y作祭文,2
司马光,王逵,弹劾,2
苏轼,韩绛,致书Y,2
司马光,吕公著,致书Y,2
苏轼,黄庭坚,为Y作砚铭,2
曾巩,刘弇,被致书由Y,2
欧阳修,蔡襄,被致书由Y,2
苏轼,黄庭坚,画赞(画像记)由Y所作,2
苏轼,黄庭坚,被致书由Y,2
曾巩,王寅亮,为Y作哀辞,2
苏辙,张方平,为Y作祭文,2
苏辙,文务光,为Y作祭文,2
苏辙,朱熹,书跋由Y所作,2
苏辙,李宗易,为Y所著书作序,2
苏辙,欧阳修,为Y作墓志铭,2
苏辙,毛维瞻,为Y之建筑物题咏、记、命名,2
苏辙,苏洵,为Y作祭文,2
苏辙,苏轼,为Y作祭文,2
司马光,张耒,答Y书,1
司马光,张茂则,上奏论Y,1
司马光,张行婆,为Y作传,1
司马光,张锡,为Y之建筑物题咏、记、命名,1
司马光,张问,为Y所著书作序,1
司马光,徐中行,欣赏/器重,1
司马光,徐九思,与Y结党,1
司马光,戴表元,学记（书院记）由Y所作,1
司马光,文同,友,1
司马光,文同,致书Y,1
司马光,文同,赠诗、文,1
司马光,文彦博,为Y之建筑物题咏、记、命名,1
司马光,文彦博,为Y作世系碑记,1
司马光,文彦博,为Y所著书作序,1
司马光,文彦博,同会,1
司马光,文彦博,致书Y,1
司马光,文洎,赠诗、文,1
司马光,晁补之,祭文由Y所作,1
司马光,晁说之,书跋由Y所作,1
司马光,晁说之,节行为Y所称道,1
司马光,晁说之,被Y欣赏/器重,1
司马光,朱光庭,推荐,1
司马光,朱熹,书序由Y所作,1
司马光,李周,推荐,1
司马光,李子仪,与Y游,1
司马光,李子仪,为Y作临别赠言(送别诗、序),1
司马光,李孝基,答Y书,1
司马光,李定,上奏论Y,1
司马光,李寿朋,推荐,1
司马光,李师中,得到Y的支持,1
司马光,李师中,被Y推荐,1
司马光,李柬之,为Y作临别赠言(送别诗、序),1
司马光,李植,友,1
司马光,李植,是Y的恩主,1
司马光,李汉臣,为Y作墓志铭,1
司马光,李清臣,与Y旅游,1
司马光,李相,为Y作临别赠言(送别诗、序),1
司马光,李相,收到Y的赠诗、文,1
司马光,李穆,为Y作谥议,1
司马光,李纲,书跋由Y所作,1
司马光,李绚,为Y作墓志铭,1
司马光,李绚,同年友,1
司马光,李陶,学生为Y,1
司马光,李𫄧,致书Y,1
司马光,李𫘦,从游者为Y,1
司马光,杜陟,为Y作墓志铭,1
司马光,杨氏(韩渎妻),为Y作墓志铭,1
司马光,林之奇,书跋由Y所作,1
司马光,林修,其学为Y所宗,1
司马光,林修,著述为Y所采,1
司马光,林希,遭到Y的反对/攻讦,1
司马光,林自,其政策被Y反对/不支持,1
司马光,林自,遭到Y的反对/攻讦,1
司马光,柳贯,书跋由Y所作,1
司马光,梅挚,答Y启,1
司马光,楚建中,为Y所著书作序,1
司马光,楚建中,同会,1
司马光,楼钥,书序由Y所作,1
司马光,楼钥,书跋由Y所作,1
司马光,樊资深,学生为Y,1
司马光,欧阳中立,门人为Y,1
司马光,欧阳修,被Y推荐,1
司马光,欧阳修,被致书由Y,1
司马光,江休复,为Y作祭文,1
司马光,牛师德,教授Y,1
司马光,王公彦,得到Y的支持,1
司马光,王公彦,被Y欣赏/器重,1
司马光,王十朋,画赞(画像记)由Y所作,1
司马光,王大临,推荐,1
司马光,王安石,不合,1
司马光,王安石,收到Y的答书,1
司马光,王寔,学生为Y,1
司马光,王寔,该学派的成员为Y,1
司马光,王尚恭,为Y作哀辞,1
司马光,王尚恭,为Y所著书作序,1
司马光,王尚恭,同会,1
司马光,王广渊,上奏论Y,1
司马光,王惟德,为Y作墓志铭,1
司马光,王慎言,为Y所著书作序,1
司马光,王拱辰,为Y所著书作序,1
司马光,王珪,弹劾,1
司马光,王陶,致书Y,1
司马光,田述古,合撰(编)著作,1
司马光,田锡,为Y作碑阴,1
司马光,田锡,碑阴为Y所作,1
司马光,皮公弼,反对/攻讦,1
司马光,石扬休,为Y作哀辞,1
司马光,祖无择,同会,1
司马光,程俱,书跋由Y所作,1
司马光,程巨夫,书序由Y所作,1
司马光,程戡,上奏论Y,1
司马光,程氏(苏洵妻),为Y作墓志铭,1
司马光,程珌,书跋由Y所作,1
司马光,程颐,推荐,1
司马光,程颢,答Y书,1
司马光,罗从彦,书跋由Y所作,1
司马光,罗从彦,传记作者为Y,1
司马光,罗士友,以文章、学问受知于,1
司马光,罗愿,传记作者为Y,1
司马光,胡三省,其学术作品由Y编辑,1
司马光,胡宏,书跋由Y所作,1
司马光,胡宗愈,为Y作临别赠言(送别诗、序),1
司马光,胡宗愈,答Y书,1
司马光,胡次和,其学术作品由Y编辑,1
司马光,苏洵,为Y作墓志铭,1
司马光,苏轼,下属为Y,1
司马光,苏轼,墓志铭由Y所作,1
司马光,苏轼,神道碑由Y所作,1
司马光,苏轼,行状由Y所作,1
司马光,苏轼,被致书由Y,1
司马光,苏辙,书序由Y所作,1
司马光,苏辙,学生为Y,1
司马光,苏辙,祭文由Y所作,1
司马光,范仲淹,为Y作祭文,1
司马光,范冲,诗/文由Y编辑,1
司马光,范祖禹,书序由Y所作,1
司马光,范祖禹,合撰(编)著作,1
司马光,范祖禹,建筑物得到Y的题咏、记、命名,1
司马光,范祖禹,推荐,1
司马光,范祖禹,祝词由Y所作,1
司马光,范祖禹,答Y书,1
司马光,范纯仁,书序由Y所作,1
司马光,范纯仁,祭文由Y所作,1
司马光,范纯仁,被致书由Y,1
司马光,范纯礼,是Y的恩主,1
司马光,范镇,为Y作传,1
司马光,范镇,友,1
司马光,范镇,同年友,1
司马光,范镇,同道,1
司马光,范镇,墓志铭由Y所作,1
司马光,范镇,收到Y的答书,1
司马光,范镇,相唱和,1
司马光,范镇,被致书由Y,1
司马光,董邻几,为Y作祭文,1
司马光,蒲宗孟,其政策被Y反对/不支持,1
司马光,蔡京,得到Y的支持,1
司马光,薛仪,为Y作墓志铭,1
司马光,薛田,为Y所著书作序,1
司马光,袁枢,被Y欣赏/器重,1
司马光,许奉世,答Y书,1
司马光,许将,遭到Y的反对/攻讦,1
司马光,许翰,书跋由Y所作,1
司马光,赵丙,为Y所著书作跋,1
司马光,赵令超,为Y作墓志铭,1
司马光,赵令邦,为Y作墓志铭,1
司马光,赵仲连,为Y作墓志铭,1
司马光,赵佶,被Y陷害,1
司马光,赵士虬,为Y作墓志铭,1
司马光,赵屼,答Y书,1
司马光,赵稹,为Y作谥议,1
司马光,赵粹中,得到Y的支持,1
司马光,邢居实,学生为Y,1
司马光,邢恕,是Y的恩主,1
司马光,邢恕,赠诗、文,1
司马光,邢恕,门客为Y,1
司马光,邵材,得到Y的支持,1
司马光,邵雍,与Y游,1
司马光,邵雍,从Y游,1
司马光,邵雍,祭文由Y所作,1
司马光,郑夬,推荐,1
司马光,郑扬庭,推荐,1
司马光,郝戭,为Y作临别赠言(送别诗、序),1
司马光,郭劝,为Y作祭文,1
司马光,释自觉,称道Y之文章、学问,1
司马光,释若讷,赠诗、文,1
司马光,钱公辅,为Y作祭文,1
司马光,钱公辅,致书Y,1
司马光,钱若水,为Y作谥议,1
司马光,闻人安道,友,1
司马光,陈充,答Y书,1
司马光,陈尧佐,为Y作祠记,1
司马光,陈尧叟,为Y作祠记,1
司马光,陈尧咨,为Y作祠记,1
司马光,陈敏,受Y之弟子礼,1
司马光,陈敏,遭到Y的反对/攻讦,1
司马光,陈洙,为Y乞某事,1
司马光,陈洙,得到Y的支持,1
司马光,陈省华,为Y作祠记,1
司马光,陈荐,为Y作祭文,1
司马光,陈襄,被Y推荐,1
司马光,陈述古,上奏论Y,1
司马光,韩元吉,书跋由Y所作,1
司马光,韩渎,为Y作墓志铭,1
司马光,韩琦,为Y作祠记,1
司马光,韩琦,被致书由Y,1
司马光,韩维,被致书由Y,1
司马光,颜太初,为Y所著书作序,1
司马光,马中庸,答Y书,1
司马光,马天骥,得到Y的支持,1
司马光,高居简,遭到Y的反对/攻讦,1
司马光,高氏(赵曙妻),得到Y的支持,1
司马光,高氏(赵曙妻),是Y的恩主,1
司马光,魏闲,为Y作墓志铭,1
司马光,魏闲,致书Y,1
司马光,鲜于侁,同会,1
司马光,黄中庸,推荐,1
司马光,黄履,被Y弹劾,1
司马光,黄溍,书跋由Y所作,1
司马光,黄灏,其学为Y所宗,1
司马光,黄隐,其学为Y所私淑,1
曾巩,丁宝臣,为Y作祭文,1
曾巩,丁宝臣,为Y所著书作序,1
曾巩,丁琰,为Y作临别赠言(送别诗、序),1
曾巩,傅向老,为Y作临别赠言(送别诗、序),1
曾巩,傅权,答Y书,1
曾巩,傅楫,欣赏/器重,1
曾巩,傅氏(关鲁妻),为Y作墓志铭,1
曾巩,元氏(沈播妻),为Y作墓志铭,1
曾巩,元积中,为Y之建筑物题咏、记、命名,1
曾巩,关景仁,为Y作墓志铭,1
曾巩,关景晖,为Y作墓志铭,1
曾巩,关鲁,为Y作墓志铭,1
曾巩,关鲁,为Y作祭文,1
曾巩,刘伯声,学生为Y,1
曾巩,刘希声,为Y作临别赠言(送别诗、序),1
曾巩,刘希声,学生为Y,1
曾巩,刘涣,为Y作墓志铭,1
曾巩,刘震,为Y作墓志铭,1
曾巩,吴业,为Y作墓志铭,1
曾巩,吴则礼,书跋由Y所作,1
曾巩,吴太初,为Y作哀辞,1
曾巩,吴师道,祠记由Y所作,1
曾巩,吴氏(曾易占妻),为Y作祝词,1
曾巩,吴氏(王益妻),为Y作墓志铭,1
曾巩,吴祥,为Y作墓志铭,1
曾巩,周中复,为Y作临别赠言(送别诗、序),1
曾巩,周中复,献文、书于Y,1
曾巩,周必大,书跋由Y所作,1
曾巩,周旻,为Y作墓志铭,1
曾巩,周氏(曾易占妻),为Y作祝词,1
曾巩,周氏(陈枢母),为Y作墓志铭,1
曾巩,周琬,为Y作墓志铭,1
曾巩,夏希道,为Y之建筑物题咏、记、命名,1
曾巩,孔延之,为Y作墓志铭,1
曾巩,孔延之,为Y作祭文,1
曾巩,孔延之,友,1
曾巩,孔武仲,祭文由Y所作,1
曾巩,孙侔,与Y游,1
曾巩,孙侔,从Y游,1
曾巩,孙抗,致书Y,1
曾巩,孙永,为Y之建筑物题咏、记、命名,1
曾巩,孙甫,为Y作行状,1
曾巩,孙立节,友,1
曾巩,孙适,为Y作墓志铭,1
曾巩,宋敏求,为Y作祭文,1
曾巩,宋敏求,代Y作文,1
曾巩,尹洙,为Y之建筑物题咏、记、命名,1
曾巩,张保雍,为Y作墓志铭,1
曾巩,张保雍,为Y作神道碑,1
曾巩,张如纶,为Y之建筑物题咏、记、命名,1
曾巩,张峋,为Y之建筑物题咏、记、命名,1
曾巩,张彦博,为Y所著书作序,1
曾巩,张持,为Y作墓志铭,1
曾巩,张持,收到Y所献诗、文、书,1
曾巩,张文淑,学生为Y,1
曾巩,张氏(晁遘妻),为Y作墓志铭,1
曾巩,张氏(章佑妻),为Y作墓志铭,1
曾巩,张瓌,为Y作祭文,1
曾巩,张耒,书跋由Y所作,1
曾巩,张耒,被致书由Y,1
曾巩,强至,为Y所著书作序,1
曾巩,彭几,被Y批评,1
曾巩,徐元榆,为Y作墓志铭,1
曾巩,徐复,为Y作传,1
曾巩,徐洪,为Y作墓志铭,1
曾巩,戚师道,为Y作墓志铭,1
曾巩,戚舜臣,为Y作墓志铭,1
曾巩,方叔完,推荐,1
曾巩,方叔完,欣赏/器重,1
曾巩,晁宗恪,为Y作墓志铭,1
曾巩,晁宗恪,为Y作祭文,1
曾巩,晁德仪,为Y作墓志铭,1
曾巩,晁遘,为Y作墓志铭,1
曾巩,晏殊,为Y所著书作序,1
曾巩,曾宰,为Y作墓志铭,1
曾巩,曾庠,为Y作墓志铭,1
曾巩,曾德操,为Y作墓志铭,1
曾巩,曾德耀,为Y作墓志铭,1
曾巩,曾易占,为Y作墓志铭,1
曾巩,曾易占,为Y作祭文,1
曾巩,曾曅,为Y作墓志铭,1
曾巩,曾氏(朱轼母),为Y作墓志铭,1
曾巩,曾肇,行状由Y所作,1
曾巩,曾致尧,为Y所著书作序,1
曾巩,曾觉,为Y作墓志铭,1
曾巩,曾谊,为Y作墓志铭,1
曾巩,朱寿昌,为Y之建筑物题咏、记、命名,1
曾巩,朱熹,书序由Y所作,1
曾巩,朱熹,书跋由Y所作,1
曾巩,朱轼,学生为Y,1
曾巩,朱齐卿,为Y作墓志铭,1
曾巩,李丕,为Y作墓志铭,1
曾巩,李中,友,1
曾巩,李斡,为Y之建筑物题咏、记、命名,1
曾巩,李材叔,为Y作临别赠言(送别诗、序),1
曾巩,李献卿,为Y之建筑物题咏、记、命名,1
曾巩,李献卿,为Y作临别赠言(送别诗、序),1
曾巩,李献卿,为Y作庙碑记,1
曾巩,李白,为Y所著书作序,1
曾巩,李肃之,为Y之建筑物题咏、记、命名,1
曾巩,李觏,为Y之门人,1
曾巩,李详,为Y作学记（书院记）,1
曾巩,杜莹,为Y作墓志铭,1
曾巩,林慥,为Y之建筑物题咏、记、命名,1
曾巩,林慥,为Y所著书作序,1
曾巩,林高,为Y作墓志铭,1
曾巩,柳拱辰,为Y之建筑物题咏、记、命名,1
曾巩,欧阳修,临别得到Y所作赠言(送别诗、序),1
曾巩,欧阳修,为Y之学生,1
曾巩,欧阳修,为Y之建筑物题咏、记、命名,1
曾巩,欧阳修,为Y作祭文,1
曾巩,欧阳修,收到Y的答书,1
曾巩,欧阳修,被Y推荐,1
曾巩,江任,临别得到Y所作赠言(送别诗、序),1
曾巩,江任,为Y作临别赠言(送别诗、序),1
曾巩,汪遘,为Y之建筑物题咏、记、命名,1
曾巩,沈叔通,友,1
曾巩,沈周,为Y作墓志铭,1
曾巩,沈季长,友,1
曾巩,沈播,为Y作墓志铭,1
曾巩,沈辽,祭文由Y所作,1
曾巩,洪渥,为Y作传,1
曾巩,洪规,为Y所著书作序,1
曾巩,洪规,欣赏/器重,1
曾巩,湛俞,为Y作祭文,1
曾巩,潘兴嗣,友,1
曾巩,王冏,为Y作墓志铭,1
曾巩,王冏,为Y所著书作序,1
曾巩,王几,为Y作墓志铭,1
曾巩,王向,为Y所著书作序,1
曾巩,王向,致书Y,1
曾巩,王回,为Y所著书作序,1
曾巩,王回,收到Y的答书,1
曾巩,王回,答Y书,1
曾巩,王回,致书Y,1
曾巩,王安国,为Y作祭文,1
曾巩,王安国,为Y所著书作序,1
曾巩,王安石,友,1
曾巩,王安石,收到Y的答书,1
曾巩,王安石,被致书由Y,1
曾巩,王宝臣,为Y作墓志铭,1
曾巩,王希,与Y游,1
曾巩,王希,为Y作临别赠言(送别诗、序),1
曾巩,王平,为Y作墓志铭,1
曾巩,王柏,书跋由Y所作,1
曾巩,王氏(李迂妻),为Y作墓志铭,1
曾巩,王用之,为Y作墓志铭,1
曾巩,王盛,为Y之建筑物题咏、记、命名,1
曾巩,田况,致书Y,1
曾巩,秦观,哀辞由Y所作,1
曾巩,程巨夫,书序由Y所作,1
曾巩,程师孟,为Y之建筑物题咏、记、命名,1
曾巩,章公量,从游者为Y,1
曾巩,章岷,致书Y,1
曾巩,胡敏,为Y作墓志铭,1
曾巩,胡敏,学生为Y,1
曾巩,胥元衡,为Y作墓志铭,1
曾巩,胥元衡,同年友,1
曾巩,苏序,为Y作墓志铭,1
曾巩,苏洵,为Y作哀辞,1
曾巩,苏轼,友,1
曾巩,苏轼,被致书由Y,1
曾巩,范师道,为Y所著书作序,1
曾巩,范百禄,答Y书,1
曾巩,范百禄,致书Y,1
曾巩,范端,为Y作墓志铭,1
曾巩,董仪,为Y作学记（书院记）,1
曾巩,蔡充,为Y作墓志铭,1
曾巩,蔡襄,答Y书,1
曾巩,蔡襄,致书Y,1
曾巩,虞集,书跋由Y所作,1
曾巩,虞集,祠记由Y所作,1
曾巩,袁陟,答Y书,1
曾巩,许氏(许仲容女),为Y作墓志铭,1
曾巩,谢氏(王用之妻),为Y作墓志铭,1
曾巩,谢续,为Y作字说、名述,1
曾巩,赵匡胤,为Y所著书作序,1
曾巩,赵孟坚,祝词由Y所作,1
曾巩,赵孟坚,祠记由Y所作,1
曾巩,赵宏,为Y作临别赠言(送别诗、序),1
曾巩,赵抃,为Y之建筑物题咏、记、命名,1
曾巩,郑旧,为Y作学记（书院记）,1
曾巩,释修广,为Y作墓志铭,1
曾巩,释可栖,为Y作佛寺记,1
曾巩,释智暹,为Y作佛寺记,1
曾巩,释瑞新,为Y作佛寺记,1
曾巩,释省怀,为Y作佛寺记,1
曾巩,释绍元,为Y作佛寺记,1
曾巩,释道常,为Y作佛寺记,1
曾巩,金X臣,为Y作墓志铭,1
曾巩,钱公辅,为Y之建筑物题咏、记、命名,1
曾巩,钱氏(刘涣妻),为Y作墓志铭,1
曾巩,钱藻,为Y作墓志铭,1
曾巩,钱藻,为Y所著书作序,1
曾巩,陈世卿,为Y作墓志铭,1
曾巩,陈世卿,为Y作神道碑,1
曾巩,陈巽,为Y作神道碑,1
曾巩,陈师道,教授Y,1
曾巩,陈思道,挽诗、词由Y所作,1
曾巩,陈枢,为Y作墓志铭,1
曾巩,陈象舆,为Y之建筑物题咏、记、命名,1
曾巩,陈贻序,称道Y的诗作,1
曾巩,陈迪,为Y作墓志铭,1
曾巩,韩维,墓志铭由Y所作,1
曾巩,韩维,神道碑由Y所作,1
曾巩,马瑊,赠诗、文,1
曾巩,骆与京,为Y作墓志铭,1
曾巩,黄巽,为Y之建筑物题咏、记、命名,1
曾巩,黄庭坚,书跋由Y所作,1
曾巩,黄氏(林槩母),为Y作墓志铭,1
曾巩,黄氏(林高妻),为Y作墓志铭,1
曾巩,黄溍,书跋由Y所作,1
欧阳修,丁宝臣,与Y游,1
欧阳修,丁宝臣,为Y作墓志铭,1
欧阳修,丁宝臣,为Y作墓表,1
欧阳修,丁宝臣,为Y作祭文,1
欧阳修,丁宝臣,友,1
欧阳修,丁宝臣,推荐,1
欧阳修,丁宝臣,答Y书,1
欧阳修,于世封,教授Y,1
欧阳修,于世封,文风为Y所效法,1
欧阳修,仲简,致Y启,1
欧阳修,仲讷,为Y所著书作序,1
欧阳修,何郯,致Y启,1
欧阳修,余靖,同道,1
欧阳修,余靖,政见趋同,1
欧阳修,余靖,致书Y,1
欧阳修,傅卞,为Y乞某事,1
欧阳修,傅卞,答Y书,1
欧阳修,冯氏(赵惟和妻),为Y作墓志铭,1
欧阳修,刁纺,为Y作哀辞,1
欧阳修,刁纺,赠诗、文,1
欧阳修,刘元瑜,得到Y的支持,1
欧阳修,刘光裔,为Y之建筑物题咏、记、命名,1
欧阳修,刘攽,推荐,1
欧阳修,刘攽,被致书由Y,1
欧阳修,刘敞,为Y作墓志铭,1
欧阳修,刘敞,为Y作祭文,1
欧阳修,刘敞,论学,1
欧阳修,刘涣,赠诗、文,1
欧阳修,刘立之,为Y作墓志铭,1
欧阳修,刘羲叟,推荐,1
欧阳修,包拯,上奏论Y,1
欧阳修,卢县太君,为Y作墓志铭,1
欧阳修,史修,为Y之建筑物题咏、记、命名,1
欧阳修,史谭,推荐,1
欧阳修,叶涛,传记作者为Y,1
欧阳修,司马光,推荐,1
欧阳修,司马光,致书Y,1
欧阳修,向传师,为Y所著书作跋,1
欧阳修,向传范,致书Y,1
欧阳修,吕公弼,致Y启,1
欧阳修,吕公弼,致书Y,1
欧阳修,吕公著,答Y书,1
欧阳修,吕士元,为Y作墓志铭,1
欧阳修,吕夏卿,致书Y,1
欧阳修,吕大防,被致书由Y,1
欧阳修,吕夷简,上奏论Y,1
欧阳修,吕夷简,弹劾,1
欧阳修,吕夷简,致Y启,1
欧阳修,吕惠卿,为Y之考官,1
欧阳修,吕惠卿,推荐,1
欧阳修,吕溱,推荐,1
欧阳修,吕绍宁,弹劾,1
欧阳修,吴举,为Y作墓志铭,1
欧阳修,吴充,行状由Y所作,1
欧阳修,吴则礼,书跋由Y所作,1
欧阳修,吴天常,推荐,1
欧阳修,吴天常,欣赏/器重,1
欧阳修,吴奎,为Y作祭文,1
欧阳修,吴孝宗,受到Y拜访,1
欧阳修,吴怀德,为Y作墓志铭,1
欧阳修,吴显道,从游者为Y,1
欧阳修,吴澄,书跋由Y所作,1
欧阳修,吴育,为Y作墓志铭,1
欧阳修,吴育,为Y作祭文,1
欧阳修,周尧卿,为Y作墓志铭,1
欧阳修,周尧卿,为Y作墓表,1
欧阳修,周必大,建筑物得到Y的题咏、记、命名,1
欧阳修,周紫芝,著作被Y评论,1
欧阳修,周行己,书跋由Y所作,1
欧阳修,唐拱,为Y作墓志铭,1
欧阳修,唐拱,为Y作墓表,1
欧阳修,夏日华,推荐,1
欧阳修,姚光弼,推荐,1
欧阳修,孔武仲,祭文由Y所作,1
欧阳修,孙丕,为Y作碑阴,1
欧阳修,孙复,为Y作墓志铭,1
欧阳修,孙思恭,得到Y的支持,1
欧阳修,孙思恭,得到友人Y之帮助,1
欧阳修,孙沔,为Y乞某事,1
欧阳修,孙洙,推荐,1
欧阳修,孙甫,为Y作墓志铭,1
欧阳修,孙祖德,为Y作临别赠言(送别诗、序),1
欧阳修,孙觌,建筑物得到Y的题咏、记、命名,1
欧阳修,宋咸,答Y书,1
欧阳修,宋庠,为Y作祭文,1
欧阳修,宋庠,答Y书,1
欧阳修,宋敏求,为Y作临别赠言(送别诗、序),1
欧阳修,宋敏求,推荐,1
欧阳修,宋祁,友,1
欧阳修,宋祁,合撰(编)著作,1
欧阳修,宋祁,被致书由Y,1
欧阳修,富弼,支持,1
欧阳修,富弼,答Y启,1
欧阳修,富弼,被致书由Y,1
欧阳修,尹仲宣,为Y作墓志铭,1
欧阳修,尹材,致书Y,1
欧阳修,尹洙,为Y之学生,1
欧阳修,尹洙,为Y作墓志铭,1
欧阳修,尹洙,为Y作祭文,1
欧阳修,尹洙,评论Y之著作,1
欧阳修,尹源,为Y作墓志铭,1
欧阳修,尹源,为Y作字说、名述,1
欧阳修,尹源,为Y作祭文,1
欧阳修,尹源,为Y所著书作序,1
欧阳修,崔公度,收到Y所献诗、文、书,1
欧阳修,常秩,推荐,1
欧阳修,廖倚,为Y作临别赠言(送别诗、序),1
欧阳修,廖倚,为Y所著书作序,1
欧阳修,廖偁,为Y所著书作序,1
欧阳修,廖偁,欣赏/器重,1
欧阳修,张?,推荐,1
欧阳修,张九思,为Y作墓志铭,1
欧阳修,张令,为Y所著书作序,1
欧阳修,张先,为Y作墓志铭,1
欧阳修,张唐民,为Y作临别赠言(送别诗、序),1
欧阳修,张守约,推荐,1
欧阳修,张巨,学生为Y,1
欧阳修,张思,为Y作墓志铭,1
欧阳修,张惟吉,为Y作祭文,1
欧阳修,张方平,答Y书,1
欧阳修,张旨,推荐,1
欧阳修,张昷之,为Y所著书作序,1
欧阳修,张氏(赵祯妃),为Y作祝词,1
欧阳修,张汝士,为Y作墓志铭,1
欧阳修,张汝士,为Y作墓表,1
欧阳修,张汝士,友,1
欧阳修,张田,推荐,1
欧阳修,张立之,推荐,1
欧阳修,张谷,为Y之建筑物题咏、记、命名,1
欧阳修,张谷,为Y作墓志铭,1
欧阳修,张谷,为Y作墓表,1
欧阳修,张谷,为Y作字说、名述,1
欧阳修,张谷,为Y所著书作序,1
欧阳修,张锡,为Y作墓志铭,1
欧阳修,强至,收到Y的答书,1
欧阳修,强至,被致书由Y,1
欧阳修,彭偕,门客为Y,1
欧阳修,彭几,被Y欣赏/器重,1
欧阳修,彭知一,为Y之建筑物题咏、记、命名,1
欧阳修,徐唐,推荐,1
欧阳修,徐无党,为Y作临别赠言(送别诗、序),1
欧阳修,徐无党,学生为Y,1
欧阳修,徐氏(施昌言妻),为Y作墓志铭,1
欧阳修,徐玉,推荐,1
欧阳修,徐的,致Y启,1
欧阳修,徐问真,友,1
欧阳修,慕容氏(赵从蔼妻),为Y作墓志铭,1
欧阳修,戴国忠,称道Y之节行,1
欧阳修,折继长,推荐,1
欧阳修,折继长,欣赏/器重,1
欧阳修,文彦博,答Y启,1
欧阳修,文彦博,致书Y,1
欧阳修,方希则,为Y作临别赠言(送别诗、序),1
欧阳修,方楷,为Y作临别赠言(送别诗、序),1
欧阳修,方端,欣赏/器重,1
欧阳修,施昌言,为Y之建筑物题咏、记、命名,1
欧阳修,施昌言,为Y作墓志铭,1
欧阳修,晁补之,祭文由Y所作,1
欧阳修,晁说之,画赞(画像记)由Y所作,1
欧阳修,晏殊,为Y之门人,1
欧阳修,晏殊,为Y作墓志铭,1
欧阳修,晏殊,为Y作神道碑,1
欧阳修,晏殊,为Y所著书作跋,1
欧阳修,晏殊,被Y推荐,1
欧阳修,晏殊,题Y的书帖,1
欧阳修,曾巩,为Y作临别赠言(送别诗、序),1
欧阳修,曾巩,学生为Y,1
欧阳修,曾巩,建筑物得到Y的题咏、记、命名,1
欧阳修,曾巩,推荐,1
欧阳修,曾巩,祭文由Y所作,1
欧阳修,曾巩,答Y书,1
欧阳修,曾肇,推荐,1
欧阳修,曾致尧,为Y作墓志铭,1
欧阳修,曾致尧,为Y作神道碑,1
欧阳修,朱处约,致书Y,1
欧阳修,朱熹,传记作者为Y,1
欧阳修,李之仪,书序由Y所作,1
欧阳修,李之仪,画赞(画像记)由Y所作,1
欧阳修,李仲偃,答Y启,1
欧阳修,李仲芳,为Y作墓表,1
欧阳修,李允,为Y乞某事,1
欧阳修,李允,推荐,1
欧阳修,李公佐,为Y之建筑物题咏、记、命名,1
欧阳修,李公佐,友,1
欧阳修,李公佐,称道Y之节行,1
欧阳修,李大临,答Y书,1
欧阳修,李天锡,答Y启,1
欧阳修,李宽,为Y作学记（书院记）,1
欧阳修,李宽,致Y启,1
欧阳修,李寿朋,答Y书,1
欧阳修,李建中,为Y之书、画作跋,1
欧阳修,李建中,为Y所著书作跋,1
欧阳修,李柬之,答Y启,1
欧阳修,李氏(王凝妻),为Y作传,1
欧阳修,李氏(王利妻),为Y作墓志铭,1
欧阳修,李氏(赵世坚妻),为Y作墓志铭,1
欧阳修,李淑,答Y书,1
欧阳修,李淑,答Y启,1
欧阳修,李淑,致Y启,1
欧阳修,李淑,致书Y,1
欧阳修,李端懿,为Y作墓志铭,1
欧阳修,李纲,书跋由Y所作,1
欧阳修,李觏,致书Y,1
欧阳修,杜䜣,致书Y,1
欧阳修,杜杞,上奏论Y,1
欧阳修,杜杞,为Y作墓志铭,1
欧阳修,杜植,答Y书,1
欧阳修,杜衍,为Y作祭文,1
欧阳修,杜衍,为Y作行状,1
欧阳修,杜衍,为Y所著书作跋,1
欧阳修,杜衍,支持,1
欧阳修,杜衍,被致书由Y,1
欧阳修,杨万里,建筑物得到Y的题咏、记、命名,1
欧阳修,杨偕,为Y作墓志铭,1
欧阳修,杨天惠,文风为Y所效法,1
欧阳修,杨寘,为Y作临别赠言(送别诗、序),1
欧阳修,杨寘,赠诗、文,1
欧阳修,杨察,答Y启,1
欧阳修,杨愿,为Y所著书作跋,1
欧阳修,杨杰,从游者为Y,1
欧阳修,杨氏(欧阳修妻),为Y作墓志铭,1
欧阳修,杨琪,为Y作墓志铭,1
欧阳修,杨蟠,称道Y的诗作,1
欧阳修,杨褒,答Y书,1
欧阳修,杨覃,为Y作墓志铭,1
欧阳修,柳贯,书跋由Y所作,1
欧阳修,桑怿,为Y作传,1
欧阳修,梅尧臣,为Y作临别赠言(送别诗、序),1
欧阳修,梅尧臣,为Y作祭文,1
欧阳修,梅尧臣,为Y所著书作序,1
欧阳修,梅尧臣,友,1
欧阳修,梅尧臣,推荐,1
欧阳修,梅尧臣,致书Y,1
欧阳修,梅挚,为Y之建筑物题咏、记、命名,1
欧阳修,梅挚,致书Y,1
欧阳修,梅让,为Y作墓志铭,1
欧阳修,梅询,为Y作墓志铭,1
欧阳修,欧庆,为Y作墓表,1
欧阳修,欧阳偃,为Y作祭文,1
欧阳修,欧阳偃,为Y所著书作序,1
欧阳修,欧阳奕,致书Y,1
欧阳修,欧阳昞,为Y之建筑物题咏、记、命名,1
欧阳修,欧阳晔,为Y作墓志铭,1
欧阳修,欧阳晔,为Y作祭文,1
欧阳修,欧阳晔,为Y所著书作序,1
欧阳修,欧阳棐,为Y作传,1
欧阳修,欧阳玄,书跋由Y所作,1
欧阳修,欧阳观,为Y所著书作序,1
欧阳修,欧阳载,为Y作墓志铭,1
欧阳修,欧阳载,为Y所著书作序,1
欧阳修,欧阳郴,为Y作祭文,1
欧阳修,欧阳郴,为Y所著书作序,1
欧阳修,欧阳颍,为Y作墓志铭,1
欧阳修,欧阳颍,为Y所著书作序,1
欧阳修,毕仲游,被致书由Y,1
欧阳修,江休复,为Y作墓志铭,1
欧阳修,江休复,为Y所著书作序,1
欧阳修,沈括,被致书由Y,1
欧阳修,沈遘,致书Y,1
欧阳修,滕宗谅,为Y之建筑物题咏、记、命名,1
欧阳修,滕宗谅,答Y启,1
欧阳修,滕宗谅,致书Y,1
欧阳修,焦千之,欣赏/器重,1
欧阳修,燕肃,致Y启,1
欧阳修,狄栗,为Y作墓志铭,1
欧阳修,狄栗,为Y作庙碑记,1
欧阳修,狄栗,答Y启,1
欧阳修,王世昌,为Y作墓志铭,1
欧阳修,王举正,为Y之书、画作跋,1
欧阳修,王举正,为Y所著书作跋,1
欧阳修,王举正,致Y启,1
欧阳修,王代恕,为Y作墓志铭,1
欧阳修,王利,为Y作墓志铭,1
欧阳修,王十朋,画赞(画像记)由Y所作,1
欧阳修,王回,为Y作祭文,1
欧阳修,王回,推荐,1
欧阳修,王存,称道Y之节行,1
欧阳修,王安国,答Y书,1
欧阳修,王安石,不合,1
欧阳修,王安石,学生为Y,1
欧阳修,王安石,推荐,1
欧阳修,王安石,祭文由Y所作,1
欧阳修,王安石,致Y启,1
欧阳修,王安石,被致书由Y,1
欧阳修,王尧臣,为Y作墓志铭,1
欧阳修,王尧臣,答Y启,1
欧阳修,王彦章,为Y之建筑物题咏、记、命名,1
欧阳修,王德用,为Y作神道碑,1
欧阳修,王无咎,致书Y,1
欧阳修,王旦,为Y作神道碑,1
欧阳修,王曙,答Y书,1
欧阳修,王果,推荐,1
欧阳修,王柏,书跋由Y所作,1
欧阳修,王氏(吴怀德妻),为Y作墓志铭,1
欧阳修,王汲,为Y作墓志铭,1
欧阳修,王洙,为Y作墓志铭,1
欧阳修,王洙,致书Y,1
欧阳修,王畴,致书Y,1
欧阳修,王莘,教授Y,1
欧阳修,王质,为Y作神道碑,1
欧阳修,王质,致书Y,1
欧阳修,王陶,答Y书,1
欧阳修,田况,致书Y,1
欧阳修,石介,为Y作墓志铭,1
欧阳修,石介,友,1
欧阳修,石延年,为Y之诗文作跋,1
欧阳修,石延年,为Y作墓志铭,1
欧阳修,石延年,为Y作墓表,1
欧阳修,石延年,为Y作祭文,1
欧阳修,石延年,为Y所著书作跋,1
欧阳修,石延年,友,1
欧阳修,石扬休,致书Y,1
欧阳修,祖无择,答Y书,1
欧阳修,祖无择,致书Y,1
欧阳修,秦观,祭文由Y所作,1
欧阳修,程元白,为Y作墓志铭,1
欧阳修,程元白,为Y作神道碑,1
欧阳修,程戡,致Y启,1
欧阳修,程琳,为Y作墓志铭,1
欧阳修,程琳,为Y作神道碑,1
欧阳修,程琳,为Y作祭文,1
欧阳修,穆修,称道Y之文风,1
欧阳修,章公量,从游者为Y,1
欧阳修,章岷,致书Y,1
欧阳修,章得象,致书Y,1
欧阳修,章望之,为Y作字说、名述,1
欧阳修,章望之,推荐,1
欧阳修,米光濬,为Y乞某事,1
欧阳修,米氏(赵从恪妻),为Y作墓志铭,1
欧阳修,胡宗炎,称道Y的诗作,1
欧阳修,胡宿,为Y作墓志铭,1
欧阳修,胡瑗,为Y作墓表,1
欧阳修,胡瑗,推荐,1
欧阳修,胥偃,收到Y的答启,1
欧阳修,胥偃,称道Y之文风,1
欧阳修,胥偃,被Y欣赏/器重,1
欧阳修,胥氏(欧阳修妻),为Y作墓志铭,1
欧阳修,胥致尧(字),为Y作墓志铭,1
欧阳修,苏丕,推荐,1
欧阳修,苏安世,得到Y的支持,1
欧阳修,苏洵,为Y作墓志铭,1
欧阳修,苏洵,推荐,1
欧阳修,苏洵,收到Y的启,1
欧阳修,苏舜钦,为Y作墓志铭,1
欧阳修,苏舜钦,为Y作祭文,1
欧阳修,苏舜钦,为Y所著书作序,1
欧阳修,苏舜钦,为Y所著书作跋,1
欧阳修,苏舜钦,友,1
欧阳修,苏舜钦,被致书由Y,1
欧阳修,苏轼,书序由Y所作,1
欧阳修,苏轼,党羽为Y,1
欧阳修,苏轼,推荐,1
欧阳修,苏轼,推荐Y参加制科考试,1
欧阳修,苏轼,祭文由Y所作,1
欧阳修,苏轼,称道Y之文章、学问,1
欧阳修,苏轼,被致书由Y,1
欧阳修,苏辙,神道碑由Y所作,1
欧阳修,苏辙,祭文由Y所作,1
欧阳修,范仲淹,为Y作神道碑,1
欧阳修,范仲淹,为Y作祭文,1
欧阳修,范仲淹,答Y书,1
欧阳修,范仲淹,被Y推荐,1
欧阳修,范文度,为Y之书、画作跋,1
欧阳修,范文度,为Y所著书作跋,1
欧阳修,范镇,致书Y,1
欧阳修,萧汝为,欣赏/器重,1
欧阳修,蒋之奇,被Y弹劾,1
欧阳修,蔡交,致书Y,1
欧阳修,蔡琇,为Y作墓志铭,1
欧阳修,蔡襄,为Y作墓志铭,1
欧阳修,蔡襄,为Y作学记（书院记）,1
欧阳修,蔡襄,为Y作祭文,1
欧阳修,蔡襄,为Y所著书作序,1
欧阳修,蔡襄,友,1
欧阳修,蔡襄,收到Y的答书,1
欧阳修,蔡襄,答Y书,1
欧阳修,蔡高,为Y作墓志铭,1
欧阳修,蔡齐,为Y之神道碑作额篆,1
欧阳修,蔡齐,为Y作墓志铭,1
欧阳修,蔡齐,为Y作行状,1
欧阳修,薛塾,为Y作墓志铭,1
欧阳修,薛塾,为Y作墓表,1
欧阳修,薛奎,为Y作墓志铭,1
欧阳修,薛奎,为Y作祭文,1
欧阳修,薛奎,为Y所著书作序,1
欧阳修,薛奎,为Y所著书作跋,1
欧阳修,薛直孺,为Y作墓志铭,1
欧阳修,薛直孺,为Y作祭文,1
欧阳修,薛睦,为Y作墓志铭,1
欧阳修,薛睦,为Y作墓表,1
欧阳修,薛良孺,为Y作墓志铭,1
欧阳修,薛长孺,为Y作墓志铭,1
欧阳修,虞集,书跋由Y所作,1
欧阳修,裴德裕,为Y作墓志铭,1
欧阳修,裴煜,被致书由Y,1
欧阳修,许元,为Y作墓志铭,1
欧阳修,许元,答Y启,1
欧阳修,许元,致Y启,1
欧阳修,许昌龄,欣赏/器重,1
欧阳修,许昌龄,称道Y的诗作,1
欧阳修,许昌龄,赠诗、文,1
欧阳修,许逖,为Y作行状,1
欧阳修,谢伯初,致书Y,1
欧阳修,谢希孟,为Y所著书作序,1
欧阳修,谢希孟,称道Y的诗作,1
欧阳修,谢景初,致书Y,1
欧阳修,谢氏(梅尧臣妻),为Y作墓志铭,1
欧阳修,谢涛,为Y作墓志铭,1
欧阳修,谢绛,为Y作祭文,1
欧阳修,贾氏(赵宗讷妻),为Y作墓志铭,1
欧阳修,贾黯,答Y启,1
欧阳修,赵,为Y作墓志铭,1
欧阳修,赵世哲,为Y作墓志铭,1
欧阳修,赵世宣,为Y作墓志铭,1
欧阳修,赵世智,为Y作墓志铭,1
欧阳修,赵世融,为Y作墓志铭,1
欧阳修,赵世衡,为Y作墓志铭,1
欧阳修,赵仲謇,为Y作墓志铭,1
欧阳修,赵叔韶,上奏论Y,1
欧阳修,赵宗师,为Y作墓志铭,1
欧阳修,赵宗沔,为Y作墓志铭,1
欧阳修,赵宗讷,为Y作墓志铭,1
欧阳修,赵宗颜,为Y作墓志铭,1
欧阳修,赵宗颜,为Y作祭文,1
欧阳修,赵彦若,致书Y,1
欧阳修,赵明诚,文风为Y所效法,1
欧阳修,赵曙,为Y作祭文,1
欧阳修,赵曙,致书Y,1
欧阳修,赵湘,为Y所著书作跋,1
欧阳修,赵祯,为Y之建筑物题咏、记、命名,1
欧阳修,赵祯,为Y所著书作序,1
欧阳修,赵顼,致书Y,1
欧阳修,连庶,推荐,1
欧阳修,连舜宾,为Y作墓志铭,1
欧阳修,连舜宾,为Y作墓表,1
欧阳修,邵必,答Y启,1
欧阳修,郑侠,被致书由Y,1
欧阳修,郑平,为Y作墓志铭,1
欧阳修,郑氏(欧阳观妻),为Y作祭文,1
欧阳修,郑氏(欧阳观妻),为Y篆匾额、器铭,1
欧阳修,郑獬,答Y书,1
欧阳修,郑荀,为Y所著书作序,1
欧阳修,郝质,弹劾,1
欧阳修,郝质,推荐,1
欧阳修,郭固,弹劾,1
欧阳修,郭延卿,拜访,1
欧阳修,郭辅,答Y书,1
欧阳修,释契嵩,被致书由Y,1
欧阳修,释延遇,为Y作佛寺记,1
欧阳修,释惟俨,为Y所著书作序,1
欧阳修,释惠勤,学生为Y,1
欧阳修,释昙颖,从游者为Y,1
欧阳修,释秘演,为Y所作诗文作序,1
欧阳修,释秘演,为Y所著书作序,1
欧阳修,释道诠,为Y作佛寺记,1
欧阳修,释鉴聿,为Y所著书作序,1
欧阳修,钱冶,为Y作墓志铭,1
欧阳修,钱冶,为Y作墓表,1
欧阳修,钱氏(赵世准妻),为Y作墓志铭,1
欧阳修,阎象,为Y作墓志铭,1
欧阳修,阎象,为Y作神道碑,1
欧阳修,陆伸,答Y书,1
欧阳修,陆经,为Y之建筑物题咏、记、命名,1
欧阳修,陆经,友,1
欧阳修,陈之方,致书Y,1
欧阳修,陈亮,书跋由Y所作,1
欧阳修,陈尧佐,为Y作墓志铭,1
欧阳修,陈尧佐,为Y作神道碑,1
欧阳修,陈岩夫,为Y之建筑物题咏、记、命名,1
欧阳修,陈师道,祭文由Y所作,1
欧阳修,陈汉卿,为Y作墓志铭,1
欧阳修,陈烈,推荐,1
欧阳修,陈知明,答Y书,1
欧阳修,陈起,欣赏/器重,1
欧阳修,陈铸,答Y启,1
欧阳修,雷简夫,被致书由Y,1
欧阳修,韩元吉,书跋由Y所作,1
欧阳修,韩国华,为Y作画赞(画像记),1
欧阳修,韩琦,为Y之建筑物题咏、记、命名,1
欧阳修,韩琦,墓志铭由Y所作,1
欧阳修,韩琦,支持,1
欧阳修,韩琦,祭文由Y所作,1
欧阳修,韩琦,致Y启,1
欧阳修,韩绛,答Y启,1
欧阳修,韩绛,致书Y,1
欧阳修,韩维,致书Y,1
欧阳修,韩贽,答Y书,1
欧阳修,马遵,为Y之建筑物题咏、记、命名,1
欧阳修,马遵,致书Y,1
欧阳修,高氏(谢绛妻),为Y作墓志铭,1
欧阳修,高若讷,反对/攻讦,1
欧阳修,高若讷,致书Y,1
欧阳修,高若讷,被Y弹劾,1
欧阳修,魏了翁,书序由Y所作,1
欧阳修,黄庭坚,被致书由Y,1
欧阳修,黄注,为Y作墓志铭,1
欧阳修,黄渭,致书Y,1
欧阳修,黄溍,书跋由Y所作,1
欧阳修,龙昌期,反对/攻讦,1
王安石,丁宝臣,为Y作墓志铭,1
王安石,丁宝臣,为Y作祭文,1
王安石,丁宝臣,致书Y,1
王安石,丁用平,为Y作道观记,1
王安石,仲讷,为Y作墓志铭,1
王安石,伍诰,推荐,1
王安石,余京,答Y书,1
王安石,余象,被Y弹劾,1
王安石,余靖,为Y之建筑物题咏、记、命名,1
王安石,余靖,为Y墓表作序,1
王安石,俞汝尚,拒绝在Y的主政期出仕,1
王安石,俞紫琳,门人为Y,1
王安石,俞紫芝,从游者为Y,1
王安石,俞紫芝,答Y书,1
王安石,傅立,为Y作墓志铭,1
王安石,元积中,为Y作学记（书院记）,1
王安石,元绛,答Y书,1
王安石,全自明,为Y之建筑物题咏、记、命名,1
王安石,全自明,为Y作道观记,1
王安石,冯京,其政策被Y反对/不支持,1
王安石,冯守信,为Y作神道碑,1
王安石,刁A,为Y作墓志铭,1
王安石,刁某,为Y作墓志铭,1
王安石,刁约,为Y作祭文,1
王安石,刁绎,为Y之建筑物题咏、记、命名,1
王安石,刁绎,为Y作祭文,1
王安石,刘克庄,书跋由Y所作,1
王安石,刘季孙,称道Y的诗作,1
王安石,刘定,为Y之建筑物题咏、记、命名,1
王安石,刘庠,会面的邀请被Y拒绝,1
王安石,刘弇,祭文由Y所作,1
王安石,刘彝,推荐,1
王安石,刘恕,拒绝在Y的主政期出仕,1
王安石,刘愿,其学为Y所排,1
王安石,刘挚,欣赏/器重,1
王安石,刘攽,其政策被Y反对/不支持,1
王安石,刘攽,被致书由Y,1
王安石,刘敞,致书Y,1
王安石,刘氏(王贽妻),为Y作墓志铭,1
王安石,刘泾,推荐,1
王安石,刘牧,为Y作墓志铭,1
王安石,刘瑾,致书Y,1
王安石,句希仲,为Y作墓志铭,1
王安石,叶涛,学生为Y,1
王安石,司马光,不合,1
王安石,司马光,答Y书,1
王安石,司马沂,为Y作墓表,1
王安石,吕公弼,其政策被Y反对/不支持,1
王安石,吕公弼,排挤,1
王安石,吕公弼,门客为Y,1
王安石,吕公绰,为Y作祭文,1
王安石,吕公著,推荐,1
王安石,吕公著,致书Y,1
王安石,吕冲之,为Y之建筑物题咏、记、命名,1
王安石,吕升卿,推荐,1
王安石,吕嘉问,党羽为Y,1
王安石,吕大忠,其政策被Y反对/不支持,1
王安石,吕惠卿,推荐,1
王安石,吕惠卿,收到Y的启,1
王安石,吕惠卿,政见趋同,1
王安石,吕惠卿,致书Y,1
王安石,吕惠卿,被Y陷害,1
王安石,吕诲,遭到Y的反对/攻讦,1
王安石,吕陶,其政策被Y反对/不支持,1
王安石,吕陶,排挤,1
王安石,吕陶,门客为Y,1
王安石,吴充,为Y作祭文,1
王安石,吴充,致书Y,1
王安石,吴兴宗,为Y作墓志铭,1
王安石,吴奎,其政策被Y反对/不支持,1
王安石,吴孝宗,被Y得罪,1
王安石,吴敏,为Y作墓志铭,1
王安石,吴显道,相唱和,1
王安石,吴某(吴申父),为Y作墓志铭,1
王安石,吴氏(曾易占妻),为Y作墓志铭,1
王安石,吴澄,书序由Y所作,1
王安石,吴申,为Y作墓志铭,1
王安石,吴蕃,为Y作墓志铭,1
王安石,吴蕡,为Y作墓志铭,1
王安石,吴蕡,致书Y,1
王安石,吴藩,为Y作墓志铭,1
王安石,吴豪,致书Y,1
王安石,员兴宗,书跋由Y所作,1
王安石,周嘉正,为Y作墓志铭,1
王安石,周常,欣赏/器重,1
王安石,周常,称道Y之文章、学问,1
王安石,周涛,为Y作墓志铭,1
王安石,周涛,为Y作祭文,1
王安石,周穜,是Y的恩主,1
王安石,周穜,欣赏/器重,1
王安石,周茂先,为Y作墓志铭,1
王安石,周谞,其政策被Y反对/不支持,1
王安石,周起,为Y作墓志铭,1
王安石,周起,为Y作神道碑,1
王安石,唐介,其政策被Y反对/不支持,1
王安石,唐坰,推荐,1
王安石,唐坰,遭到Y的反对/攻讦,1
王安石,夏侯氏(谢绛妻),为Y作墓志铭,1
王安石,夏希道,为Y作学记（书院记）,1
王安石,姚辟,答Y书,1
王安石,孔文仲,其政策被Y反对/不支持,1
王安石,孔旼,为Y作墓志铭,1
王安石,孔道辅,为Y作墓志铭,1
王安石,孙侔,为Y作临别赠言(送别诗、序),1
王安石,孙侔,为Y所著书作序,1
王安石,孙侔,从游者为Y,1
王安石,孙侔,答Y书,1
王安石,孙侔,致书Y,1
王安石,孙冲,称道Y之文章、学问,1
王安石,孙升,遭到Y的反对/攻讦,1
王安石,孙抗,为Y作墓志铭,1
王安石,孙沔,答Y书,1
王安石,孙沔,被致书由Y,1
王安石,孙立节,拒绝在Y的主政期出仕,1
王安石,孙觉,友,1
王安石,孙觉,排挤,1
王安石,孙觉,是Y的恩主,1
王安石,孙觉,祭文由Y所作,1
王安石,孙觉,答Y书,1
王安石,孙觉,致书Y,1
王安石,孙觌,著作被Y评论,1
王安石,孙贯之,为Y作墓志铭,1
王安石,孙适,从游者为Y,1
王安石,孙适,学生为Y,1
王安石,孙邈,其学得到Y之赞扬,1
王安石,孙邈,称道Y之文风,1
王安石,孙锡,为Y作墓志铭,1
王安石,孙长卿,为Y作墓志铭,1
王安石,孙鼛,答Y书,1
王安石,孟厚,学生为Y,1
王安石,宋保国,友,1
王安石,宋保国,答Y书,1
王安石,宋庠,为Y之建筑物题咏、记、命名,1
王安石,宋庠,致书Y,1
王安石,宋敏修,为Y作挽诗、词,1
王安石,宋敏求,为Y所著书作序,1
王安石,家勤国,其学为Y所排,1
王安石,家勤国,其政策被Y反对/不支持,1
王安石,富弼,拒绝在Y的主政期出仕,1
王安石,富弼,致书Y,1
王安石,崔公度,致书Y,1
王安石,崔公度,辟,1
王安石,常秩,为Y作墓志铭,1
王安石,常秩,为Y作墓表,1
王安石,常秩,得到Y的支持,1
王安石,常秩,推荐,1
王安石,张仅,门人为Y,1
王安石,张伯孙,友,1
王安石,张保雍,为Y所著书作序,1
王安石,张几,答Y书,1
王安石,张吉甫,是Y的恩主,1
王安石,张咏,为Y所著书作跋,1
王安石,张奎,为Y作墓志铭,1
王安石,张定,为Y作学记（书院记）,1
王安石,张巨,拒绝在Y的主政期出仕,1
王安石,张式,为Y作墓志铭,1
王安石,张彦博,为Y作墓志铭,1
王安石,张戬,被Y弹劾,1
王安石,张文刚,为Y作墓志铭,1
王安石,张方平,其政策被Y反对/不支持,1
王安石,张方平,致书Y,1
王安石,张昪,致书Y,1
王安石,张瑗,为Y作墓志铭,1
王安石,张祹,为Y作墓志铭,1
王安石,张肃,致书Y,1
王安石,张若谷,为Y作祭文,1
王安石,张诜,答Y书,1
王安石,张铸,为Y之学生,1
王安石,张铸,为Y之门人,1
王安石,彭汝砺,致书Y,1
王安石,征集,为Y作墓志铭,1
王安石,徐九思,其政策被Y反对/不支持,1
王安石,徐九思,排挤,1
王安石,徐九思,门客为Y,1
王安石,徐氏(金君卿母),为Y作墓志铭,1
王安石,徐的,致书Y,1
王安石,徐禧,得到Y的支持,1
王安石,徐禧,是Y的恩主,1
王安石,徐铉,评论Y之著作,1
王安石,成倬,幕僚为Y,1
王安石,成倬,推荐,1
王安石,文彦博,忌/恶,1
王安石,文彦博,答Y书,1
王安石,文彦博,致书Y,1
王安石,方仲永,相识,1
王安石,方回,书跋由Y所作,1
王安石,方回,著作被Y评论,1
王安石,方惟深,称道Y的诗作,1
王安石,时孝孙,与Y结党,1
王安石,晁仲参,为Y作墓志铭,1
王安石,曹氏(赵祯妻),其政策被Y反对/不支持,1
王安石,曹玮,为Y作行状,1
王安石,曾伉,答Y书,1
王安石,曾公亮,为Y作祭文,1
王安石,曾公亮,同僚,1
苏辙,黄氏(苏逊妻),为Y作祭文,1
王安石,曾巩,友,1
王安石,曾巩,答Y书,1
王安石,曾巩,致书Y,1
司马光,丁度,为Y作祭文,1
王安石,曾布,被Y得罪,1
司马光,任守忠,反对/攻讦,1
王安石,曾易占,为Y作祭文,1
王安石,曾耒,书跋由Y所作,1
司马光,任守忠,推荐,1
王安石,曾阜,致书Y,1
王安石,朱寿昌,欣赏/器重,1
王安石,朱寿昌,被Y欣赏/器重,1
司马光,何元寿,Y为之建立祠庙,1
王安石,李不疑,为Y作哀辞,1
王安石,李不疑,为Y作哀辞 [并入167],1
司马光,余允文,遭到Y的反对/攻讦,1
司马光,余象,欣赏/器重,1
王安石,李光,被Y奏论,1
王安石,李兴,为Y作神道碑,1
王安石,李商隐,称道Y的诗作,1
王安石,李士云,得到赠画,1
王安石,李士云,赠诗、文,1
王安石,李复圭,为Y作祭文,1
王安石,李复圭,是Y的恩主,1
王安石,李复圭,称道Y之节行,1
司马光,俞充,遭Y排挤,1
王安石,李定,为Y作学记（书院记）,1
王安石,李定,学生为Y,1
王安石,李定,相识,1
王安石,李定,答Y书,1
王安石,李宽,为Y作墓志铭,1
王安石,李寿朋,为Y作祭文,1
王安石,李师中,遭到Y的反对/攻讦,1
王安石,李常,友,1
王安石,李氏(赵世岳妻),为Y作墓志铭,1
王安石,李氏(赵炅妃),为Y作祝词,1
王安石,李氏(郑纾妻),为Y作墓志铭,1
王安石,李璋,欣赏/器重,1
王安石,李虚舟,为Y作墓志铭,1
王安石,李虚舟,为Y作神道碑,1
王安石,李虚舟,墓志铭由Y所作,1
王安石,李通叔,友,1
王安石,李问,为Y作墓志铭,1
王安石,李陟,为Y作墓志铭,1
王安石,李陟,为Y作神道碑,1
王安石,杜子野,为Y之学生,1
王安石,杜子野,为Y之弟子,1
司马光,傅尧俞,欣赏/器重,1
司马光,傅珏,为Y作墓志铭,1
王安石,杜涣,为Y作墓志铭,1
王安石,杜纯,被Y得罪,1
王安石,杜醇,为Y作学记（书院记）,1
司马光,冯亚,为Y所著书作序,1
司马光,冯守信,为Y作谥议,1
王安石,杨万里,书跋由Y所作,1
王安石,杨公适,为Y作墓志铭,1
王安石,杨忱,为Y作墓志铭,1
王安石,杨忱,答Y书,1
王安石,杨文诩,为Y作墓志铭,1
王安石,杨杰,从游者为Y,1
王安石,杨氏(孙昌龄母),为Y作墓志铭,1
王安石,杨申,其政策被Y反对/不支持,1
王安石,杨畋,为Y所著书作序,1
王安石,杨畏,收到Y所献诗、文、书,1
王安石,杨畏,是Y的恩主,1
王安石,杨绘,被Y得罪,1
司马光,冯行己,为Y所著书作序,1
王安石,杨蟠,致书Y,1
王安石,杨训,门人为Y,1
王安石,杨迹,其学为Y所排,1
王安石,林之奇,其学为Y所排,1
王安石,林积,欣赏/器重,1
王安石,林积,称道Y之政绩,1
王安石,林肇,为Y作学记（书院记）,1
王安石,梅询,为Y作墓志铭,1
王安石,梅询,为Y作神道碑,1
王安石,楼郁,致书Y,1
王安石,楼钥,建筑物得到Y的题咏、记、命名,1
王安石,欧阳修,不合,1
王安石,欧阳修,为Y之学生,1
王安石,欧阳修,为Y作祭文,1
王安石,欧阳修,收到Y的启,1
王安石,欧阳修,致书Y,1
王安石,欧阳修,被Y推荐,1
司马光,刘克庄,书跋由Y所作,1
王安石,武氏(赵仲焉妻),为Y作墓志铭,1
王安石,段充,推荐,1
王安石,段缝,答Y书,1
王安石,求仲弓,友,1
王安石,汪元吉,节行为Y所称道,1
司马光,刘几,为Y所著书作序,1
王安石,汪澥,学生为Y,1
王安石,汪齐,其政策被Y反对/不支持,1
王安石,汪齐,被Y得罪,1
王安石,沈兼,为Y作墓志铭,1
王安石,沈兼,为Y作祭文,1
王安石,沈周,为Y作墓志铭,1
王安石,沈季长,与他的交往导致Y受牵连,1
王安石,沈季长,得到Y的支持,1
苏辙,释道潜,致书Y,1
王安石,沈扶,为Y作墓志铭,1
王安石,沈播,为Y作墓志铭,1
王安石,沈播,为Y作墓表,1
王安石,沈起,为Y之建筑物题咏、记、命名,1
王安石,沈辽,不合,1
王安石,沈辽,其政策被Y反对/不支持,1
王安石,沈辽,欣赏/器重,1
王安石,沈遘,为Y作墓志铭,1
王安石,沈遘,为Y作祭文,1
王安石,沈铢,学生为Y,1
王安石,沈铢,教授Y,1
王安石,洪适,书跋由Y所作,1
王安石,潘兴嗣,友,1
王安石,潘温之,欣赏/器重,1
王安石,熊本,答Y书,1
王安石,熊蕃,其学为Y所宗,1
王安石,熊蕃,该学派的成员为Y,1
王安石,狄棐,为Y作神道碑,1
王安石,王乙,为Y作墓志铭,1
王安石,王介,同学、同门,1
王安石,王令,为Y之诗文作跋,1
王安石,王令,为Y作墓志铭,1
王安石,王令,为Y所著书作跋,1
王安石,王令,收到Y的答书,1
王安石,王令,欣赏/器重,1
王安石,王令,答Y书,1
王安石,王令,致书Y,1
苏辙,释元净,为Y作墓表,1
王安石,王伋,其政策被Y反对/不支持,1
王安石,王伯虎,答Y书,1
王安石,王伯起,学生为Y,1
王安石,王君玉,为Y作墓志铭,1
王安石,王君玉,为Y作墓表,1
王安石,王回,为Y作墓志铭,1
王安石,王回,为Y作祭文,1
王安石,王回,友,1
王安石,王回,答Y书,1
王安石,王回,致书Y,1
王安石,王子韶,推荐,1
王安石,王子韶,是Y的恩主,1
王安石,王存,友,1
王安石,王安仁,为Y作墓志铭,1
王安石,王安国,为Y作墓志铭,1
王安石,王寿卿,其学为Y所排,1
苏辙,释元净,为Y作祭文,1
王安石,王平,为Y作墓志铭,1
王安石,王广渊,护佑Y(政治关系),1
王安石,王开祖,答Y书,1
王安石,王德用,为Y作行状,1
王安石,王拱辰,致书Y,1
王安石,王文亮,为Y作墓志铭,1
王安石,王文淑,为Y作墓志铭,1
王安石,王无咎,为Y作墓志铭,1
王安石,王无咎,学生为Y,1
王安石,王昭禹,其学为Y所宗,1
王安石,王氏(周彦先妻),为Y作墓志铭,1
王安石,王氏(孙长卿妻),为Y作墓志铭,1
王安石,王氏(赵匡胤妻),为Y作祝词,1
王安石,王沇之,学生为Y,1
王安石,王沇之,教授Y,1
王安石,王洙,为Y作墓志铭,1
王安石,王珪,致书Y,1
王安石,王益,为Y作传,1
王安石,王益,为Y所著书作序,1
王安石,王致,答Y书,1
王安石,王该,友,1
王安石,王该,答Y书,1
王安石,王贯之,为Y作墓志铭,1
王安石,王贽,为Y作墓志铭,1
王安石,王越石,同年友,1
苏辙,释克文,为Y所著书作序,1
苏辙,释庆闲,为Y作传,1
王安石,王韶,致书Y,1
苏辙,释惟简,为Y作祭文,1
王安石,田况,从Y游,1
王安石,田况,致书Y,1
王安石,盛京,为Y作祭文,1
王安石,盛度,为Y作祭文,1
王安石,盛陶,遭到Y的反对/攻讦,1
王安石,石汝砺,排Y之学,1
王安石,石汝砺,排挤,1
王安石,石赓,推荐,1
王安石,祖无择,忌/恶,1
王安石,祖无择,致书Y,1
王安石,祝常,被Y得罪,1
王安石,程师孟,收到Y的启,1
王安石,程师孟,致书Y,1
王安石,程惟象,赠诗、文,1
王安石,程昉,弹劾,1
王安石,程昉,是Y的恩主,1
王安石,程琳,为Y作墓志铭,1
王安石,程琳,为Y作祭文,1
王安石,章友直,为Y作墓志铭,1
王安石,章惇,喜爱,1
王安石,章惇,欣赏/器重,1
王安石,章惇,致书Y,1
王安石,练亨甫,推荐,1
王安石,练亨甫,是Y的恩主,1
王安石,翟氏(翟希言女),为Y作墓志铭,1
王安石,胡安国,其学为Y所排,1
王安石,胡安国,其政策被Y反对/不支持,1
王安石,胡宗愈,被Y得罪,1
王安石,胡某,为Y作墓志铭,1
王安石,胡某(胡舜元父),为Y作墓志铭,1
王安石,胡舜元,为Y作临别赠言(送别诗、序),1
王安石,胡舜元,同学、同门,1
王安石,胡舜元,遭到Y的反对/攻讦,1
王安石,胡铨,书跋由Y所作,1
王安石,舒亶,辟,1
王安石,苏安世,为Y作墓志铭,1
王安石,苏轼,其政策被Y反对/不支持,1
王安石,苏轼,答Y书,1
王安石,苏轼,被致书由Y,1
王安石,苏辙,其政策被Y反对/不支持,1
王安石,范仲淹,为Y作祭文,1
王安石,范峋,答Y书,1
王安石,范济美,合撰(编)著作,1
王安石,范纯仁,其政策被Y反对/不支持,1
王安石,范镇,不合,1
王安石,莫君陈,欣赏/器重,1
王安石,萧化基,为Y作墓志铭,1
王安石,萧固,为Y作墓志铭,1
王安石,萧定基,为Y作墓志铭,1
王安石,萧定基,为Y作神道碑,1
王安石,萧汝为,欣赏/器重,1
王安石,萧汝为,称道Y之文风,1
王安石,萧洵,为Y作墓志铭,1
王安石,葛源,为Y作墓志铭,1
王安石,葛良嗣,为Y作墓志铭,1
王安石,葛良嗣,欣赏/器重,1
王安石,蒋之奇,答Y书,1
王安石,蒋之奇,致书Y,1
王安石,蒋堂,致Y启,1
王安石,蒋氏(钱冶妻),为Y作墓志铭,1
王安石,蔡卞,学生为Y,1
王安石,蔡渊,学生为Y,1
王安石,蔡确,是Y的恩主,1
王安石,蔡肇,学生为Y,1
王安石,蔡肇,答Y书,1
王安石,蔡鞗,得到Y的支持,1
王安石,薛利和,拒绝在Y的主政期出仕,1
王安石,薛利和,排挤,1
王安石,薛利和,门客为Y,1
王安石,薛向,支持,1
王安石,虞集,书跋由Y所作,1
王安石,虞集,祠记由Y所作,1
王安石,虞靖之,为Y作祭文,1
王安石,袁桷,书跋由Y所作,1
王安石,许俞,为Y作传,1
王安石,许允成,门人为Y,1
王安石,许均,为Y作传,1
王安石,许平,为Y作传,1
王安石,许平,为Y作墓志铭,1
王安石,许恢,为Y所著书作序,1
王安石,许规,为Y所著书作序,1
王安石,许迥,为Y作传,1
王安石,许逖,为Y之家谱作序,1
王安石,许逖,为Y作传,1
王安石,许遂,为Y作传,1
王安石,许遵,答Y书,1
王安石,谢景初,为Y之建筑物题咏、记、命名,1
王安石,谢景回,为Y作墓志铭,1
王安石,谢景平,为Y作墓志铭,1
王安石,谢景温,友,1
王安石,谢绛,为Y作墓志铭,1
王安石,谭必,相识,1
王安石,谭掞,同学、同门,1
王安石,谭昉,为Y之学生,1
王安石,贾昌朝,为Y作墓志铭,1
王安石,贾昌朝,为Y作神道碑,1
王安石,赵世仍,为Y作墓志铭,1
王安石,赵世耀,为Y作墓志铭,1
王安石,赵仲厖,为Y作墓志铭,1
王安石,赵仲夔,为Y作墓志铭,1
王安石,赵仲行,为Y作墓志铭,1
苏辙,释惠洪,书跋由Y所作,1
王安石,赵卨,致书Y,1
王安石,赵宗辩,为Y作墓志铭,1
王安石,赵宗述,为Y作墓志铭,1
王安石,赵师旦,为Y作墓志铭,1
王安石,赵恒,为Y作祝词,1
王安石,赵抃,不合,1
苏辙,释惠真,为Y作佛寺记,1
王安石,赵炅,为Y作祝词,1
王安石,赵粹中,遭到Y的反对/攻讦,1
王安石,赵顼,得到Y的支持,1
王安石,赵鼎臣,友,1
王安石,邓佺,与Y游,1
王安石,邓佺,为Y作道观记,1
王安石,邓绾,是Y的恩主,1
王安石,邓绾,被Y谄事,1
王安石,邓肃,书跋由Y所作,1
王安石,邵必,致书Y,1
王安石,邵景先,为Y作墓志铭,1
王安石,邵材,其政策被Y反对/不支持,1
王安石,郎简,从Y游,1
王安石,郎简,致书Y,1
王安石,郏亶,答Y书,1
王安石,郏侨,欣赏/器重,1
王安石,郑侠,墓志铭由Y所作,1
王安石,郑侠,字说、名述由Y所作,1
王安石,郑侠,学生为Y,1
王安石,郑侠,被致书由Y,1
王安石,郑獬,忌/恶,1
王安石,郑獬,排挤,1
王安石,郑獬,门客为Y,1
王安石,郑纡,为Y作墓志铭,1
王安石,郑蒨,党魁为Y,1
王安石,郑蒨,其政策被Y反对/不支持,1
王安石,郑诒,为Y作墓志铭,1
王安石,郑诒,为Y作墓表,1
王安石,郭祥正,致书Y,1
王安石,郭维,为Y作墓志铭,1
王安石,郭逢原,从游者为Y,1
王安石,释怀琏,为Y之建筑物题咏、记、命名,1
王安石,释怀琏,为Y作佛寺记,1
王安石,释惠洪,书跋由Y所作,1
王安石,释慧礼,为Y作佛寺记,1
王安石,释智福,为Y作佛寺记,1
王安石,释清顺,称道Y的诗作,1
王安石,释瑞新,友,1
王安石,释赞元,为Y作祭文,1
王安石,释赞元,友,1
王安石,金X臣,为Y作墓志铭,1
王安石,钱公辅,不合,1
王安石,钱公辅,推荐,1
王安石,钱公辅,答Y书,1
王安石,钱公辅,被Y得罪,1
王安石,钱冶,为Y作墓志铭,1
王安石,钱勰,其政策被Y反对/不支持,1
王安石,钱景谌,受Y之弟子礼,1
王安石,钱景谌,排挤,1
王安石,钱景谌,是Y的恩主,1
王安石,钱景谌,门客为Y,1
王安石,钱𫖮,其政策被Y反对/不支持,1
王安石,陆九渊,祠记由Y所作,1
王安石,陆佃,书跋由Y所作,1
王安石,陆佃,传经于Y,1
苏辙,释惠辩,为Y作墓表,1
王安石,陆广,为Y作墓志铭,1
苏辙,释惠迁,为Y作佛寺记,1
王安石,陈世昌,为Y作临别赠言(送别诗、序),1
王安石,陈之元,为Y作墓志铭,1
王安石,陈之祥,为Y作墓志铭,1
王安石,陈兴之,为Y作临别赠言(送别诗、序),1
王安石,陈升之,为Y作临别赠言(送别诗、序),1
王安石,陈升之,是Y的恩主,1
王安石,陈度,学生为Y,1
王安石,陈执古,为Y作墓志铭,1
王安石,陈执礼,为Y作墓志铭,1
王安石,陈执礼,为Y作神道碑,1
王安石,陈敏,推荐,1
王安石,陈枢,推荐,1
王安石,陈浚,为Y作祭文,1
王安石,陈绎,致书Y,1
王安石,陈襄,其政策被Y反对/不支持,1
王安石,陈见素,为Y作墓志铭,1
王安石,陈辅,学生为Y,1
王安石,雍秀才,被Y以诗讽忤,1
王安石,韩元吉,书跋由Y所作,1
王安石,韩宗厚,学生为Y,1
王安石,韩宗师,推荐,1
王安石,韩宗彦,为Y作祭文,1
王安石,韩宗恕,答Y书,1
王安石,韩维,被致书由Y,1
王安石,顾棠,学生为Y,1
王安石,顾棠,门人为Y,1
王安石,饶子仪,推荐,1
王安石,饶竦,其政策被Y反对/不支持,1
王安石,饶竦,友,1
王安石,马仲舒,为Y作墓志铭,1
王安石,马仲舒,同学、同门,1
王安石,马仲舒,批评,1
王安石,马仲舒,教授Y,1
王安石,马希孟,学生为Y,1
王安石,马玘,为Y作祭文,1
王安石,马知节,为Y作墓志铭,1
王安石,马知节,为Y作神道碑,1
王安石,马遵,为Y作墓志铭,1
王安石,马遵,为Y作祭文,1
王安石,马遵,致书Y,1
王安石,高氏(赵曙妻),遭到Y的反对/攻讦,1
苏辙,释省聪,为Y作佛寺记,1
王安石,魏了翁,书序由Y所作,1
苏辙,释省聪,为Y作墓志铭,1
王安石,魏掞之,遭到Y的反对/攻讦,1
王安石,魏氏(沈遵母),为Y作墓志铭,1
王安石,鲁有开,被Y得罪,1
王安石,鲍由,学生为Y,1
王安石,鲍由,该学派的成员为Y,1
王安石,鲜于侁,其政策被Y反对/不支持,1
苏辙,释省聪,为Y作祭文,1
王安石,黄庭坚,欣赏/器重,1
王安石,黄彦,聘Y执教官学、书院,1
王安石,黄朝英,其学为Y所宗,1
王安石,黄朝英,该学派的成员为Y,1
王安石,黄次山,书序由Y所作,1
王安石,黄氏(曾致尧妻),为Y作墓志铭,1
王安石,黄隐,其学为Y所排,1
王安石,齐氏,为Y作墓志铭,1
王安石,龚原,学生为Y,1
苏辙,释省聪,为Y所著书作序,1
苏轼,丁隲,推荐,1
苏轼,上官彝,致书Y,1
苏轼,丘崇,从游者为Y,1
苏轼,乐京,致书Y,1
苏轼,于伋,临别得到Y所作赠言(送别诗、序),1
苏轼,于伋,为Y作临别赠言(送别诗、序),1
苏轼,仲渊,欣赏/器重,1
苏轼,任伋,为Y作祭文,1
苏轼,任伯雨,致书Y,1
苏轼,任孜,欣赏/器重,1
苏轼,任采莲(苏轼乳母),被Y养育,1
苏轼,何充,致书Y,1
苏轼,何去非,致书Y,1
苏轼,何德顺,为Y之建筑物题咏、记、命名,1
苏轼,何德顺,致书Y,1
苏轼,何颉,从游者为Y,1
苏轼,侯晋升,友,1
苏轼,侯晋升,欣赏/器重,1
苏轼,侯晋升,致书Y,1
苏轼,俞括,欣赏/器重,1
苏轼,俞括,称道Y之文章、学问,1
苏轼,俞括,答Y书,1
苏轼,俞括,致书Y,1
苏轼,傅尧俞,致书Y,1
苏轼,傅质,致书Y,1
苏轼,冯澥,文风为Y所效法,1
苏轼,刁约,为Y作祭文,1
苏轼,刁约,致书Y,1
苏辙,释道全,为Y作墓志铭,1
苏轼,刘奉世,致书Y,1
苏轼,刘季孙,推荐,1
苏轼,刘季孙,答Y书,1
苏轼,刘安世,致书Y,1
苏轼,刘巨,为Y之学生,1
苏轼,刘庭式,为Y作传,1
苏轼,刘庭式,欣赏/器重,1
苏辙,释元净,为Y作佛寺记,1
苏轼,刘攽,友,1
苏轼,刘攽,致书Y,1
苏轼,刘敞,致书Y,1
苏轼,刘松老,教授Y,1
苏轼,刘松老,画风为Y所师法,1
苏轼,刘氏(苏舜元妻),为Y作墓志铭,1
苏轼,刘泾,答Y书,1
苏轼,刘渤,得到Y的支持,1
苏轼,刘焘,称道Y之文章、学问,1
苏轼,刘焘,答Y书,1
苏轼,刘瑾,答Y书,1
苏轼,刘羲仲,致书Y,1
苏轼,刘谊,致书Y,1
苏轼,刘震孙,被Y欣赏/器重,1
苏轼,单锡,为Y作祭文,1
苏轼,单锡,喜爱,1
苏轼,单锷,推荐,1
苏轼,史清卿,为Y之门人,1
苏轼,史炤,为Y之学生,1
苏轼,司马光,上司为Y,1
苏轼,司马光,为Y作墓志铭,1
苏轼,司马光,为Y作神道碑,1
司马光,司马倬,同会,1
苏轼,司马光,为Y作行状,1
苏轼,司马光,致书Y,1
苏轼,吕仲甫,相唱和,1
司马光,司马元,为Y作字说、名述,1
苏轼,吕大临,论学,1
司马光,司马咨,为Y作墓表,1
苏轼,吕希道,答Y书,1
苏轼,吕惠卿,同年友,1
苏轼,吕陶,答Y书,1
苏轼,吴亮,致书Y,1
苏轼,吴可,称道Y的诗作,1
司马光,司马奕,为Y作字说、名述,1
苏轼,吴复古,为Y作斋、堂铭,1
苏轼,吴复古,为Y作祭文,1
苏轼,吴复古,欣赏/器重,1
苏轼,吴复古,称道Y之节行,1
苏轼,吴复古,答Y书,1
司马光,司马富,为Y作字说、名述,1
苏轼,吴师道,传记作者为Y,1
苏轼,吴师道,画赞(画像记)由Y所作,1
司马光,司马康,赠诗、文,1
苏轼,吴琯,为Y作临别赠言(送别诗、序),1
苏轼,吴琯,赠诗、文,1
苏轼,吴芘仲,称道Y的诗作,1
苏轼,吴芘仲,致书Y,1
苏轼,吴范,与Y游,1
苏轼,吴默,致书Y,1
苏轼,周尹,为Y所著书作跋,1
苏轼,周彦质,致书Y,1
司马光,司马方,为Y作字说、名述,1
苏轼,周必大,神道碑由Y所作,1
苏轼,周文炳,为Y作砚铭,1
苏轼,周穜,推荐,1
苏轼,周穜,聘Y执教官学、书院,1
苏轼,周紫芝,画赞(画像记)由Y所作,1
苏轼,周紫芝,著作被Y评论,1
苏轼,周邠,与Y游,1
苏轼,周邠,相唱和,1
苏轼,周邠,致书Y,1
苏轼,唐坰,为Y之收藏作跋,1
苏轼,唐坰,为Y所著书作跋,1
苏轼,唐坰,致书Y,1
苏轼,姚安世,称道Y的诗作,1
苏轼,姚安世,赠诗、文,1
苏轼,姚麟,答Y书,1
苏轼,姜君弼,学生为Y,1
苏轼,姜君弼,教授Y,1
苏轼,姜君弼,致书Y,1
苏轼,孔宗翰,为Y所著书作序,1
苏轼,孔宗翰,为Y所著书作跋,1
苏轼,孔平仲,为Y作砚铭,1
苏轼,孔平仲,致书Y,1
苏轼,孔文仲,欣赏/器重,1
苏轼,孙勰,学生为Y,1
苏轼,孙勰,教授Y,1
苏轼,孙勰,致书Y,1
苏轼,孙勴,从游者为Y,1
苏轼,孙勴,致书Y,1
苏轼,孙升,遭到Y的反对/攻讦,1
苏轼,孙永,致书Y,1
苏轼,孙沔,为Y之建筑物题咏、记、命名,1
苏轼,孙洙,友,1
苏轼,孙立节,欣赏/器重,1
苏轼,孙立节,赠诗、文,1
苏轼,孙蒙正,致书Y,1
苏轼,孙觉,为Y之建筑物题咏、记、命名,1
苏轼,孙觌,书跋由Y所作,1
苏轼,孙谔,为Y所著书作跋,1
苏轼,孙迥,致书Y,1
苏轼,孙鼛,致书Y,1
苏轼,孟德,为Y所著书作跋,1
苏轼,宋子房,答Y书,1
苏轼,宋迪,为Y所著书作序,1
苏轼,家勤国,同学、同门,1
苏轼,家安国,致书Y,1
苏轼,家定国,致书Y,1
苏轼,富元衡,画风为Y所师法,1
苏轼,富弼,为Y乞某事,1
苏轼,富弼,为Y作墓志铭,1
苏轼,富弼,为Y作神道碑,1
苏轼,富弼,致书Y,1
苏轼,尹白,欣赏/器重,1
苏轼,尹白,题Y之画作,1
苏轼,崔子方,学生为Y,1
苏轼,崔闲,赠诗、文,1
苏轼,崔闲,门人为Y,1
苏轼,巢谷,为Y所著书作序,1
苏轼,巢谷,友,1
苏轼,巢谷,致书Y,1
司马光,司马旦,同会,1
苏轼,庞安时,答Y书,1
苏轼,庞安时,致书Y,1
苏轼,廉布,画风为Y所师法,1
苏轼,廖正一,致书Y,1
苏轼,张?,推荐,1
苏轼,张九成,书跋由Y所作,1
苏轼,张侃,画赞(画像记)由Y所作,1
苏轼,张元干,书跋由Y所作,1
苏轼,张先,为Y作祭文,1
苏轼,张商英,致书Y,1
司马光,司马旦,赠诗、文,1
苏轼,张天骥,为Y之建筑物题咏、记、命名,1
苏轼,张天骥,致书Y,1
苏轼,张希元,为Y之建筑物题咏、记、命名,1
苏轼,张恕,为Y作字说、名述,1
苏轼,张恕,友,1
苏轼,张恕,致书Y,1
苏轼,张敦礼,致书Y,1
苏轼,张方平,为Y作墓志铭,1
苏轼,张方平,为Y作祭文,1
苏轼,张方平,为Y所著书作序,1
苏轼,张方平,为Y所著书作跋,1
司马光,司马池,为Y之建筑物题咏、记、命名,1
苏轼,张易简,为Y之学生,1
苏轼,张景温,致书Y,1
苏轼,张杲之,致书Y,1
苏轼,张正己,致书Y,1
苏轼,张田,称道Y之政绩,1
苏轼,张硕,为Y之建筑物题咏、记、命名,1
苏轼,张缜,称道Y的诗作,1
司马光,司马池,为Y作祭文,1
苏轼,张耒,学生为Y,1
司马光,司马沂,为Y作墓志铭,1
苏轼,张耒,致书Y,1
苏轼,张逢,致书Y,1
苏轼,徐信,拜访,1
苏轼,徐君猷,致书Y,1
苏轼,徐大正,友,1
苏轼,徐大正,致书Y,1
苏轼,徐常,从游者为Y,1
苏轼,徐积,致书Y,1
苏轼,徐问真,被Y医愈,1
苏轼,慕容彦逢,被致书由Y,1
苏轼,慕容晖,学生为Y,1
司马光,司马沂,为Y作行状,1
苏轼,戴表元,画赞(画像记)由Y所作,1
苏轼,文务光,致书Y,1
苏轼,文勋,为Y之书题词,1
苏轼,文勋,为Y作字说、名述,1
司马光,司马浩,为Y作墓表,1
苏轼,文同,为Y作字说、名述,1
司马光,司马爽,为Y作字说、名述,1
苏轼,文同,为Y作祭文,1
苏轼,文同,致书Y,1
苏轼,文彦博,为Y之建筑物题咏、记、命名,1
苏轼,文彦博,为Y作斋、堂铭,1
司马光,司马禀,为Y作字说、名述,1
苏轼,方其义,文风为Y所效法,1
苏轼,方回,书跋由Y所作,1
苏轼,方回,著作被Y评论,1
苏轼,方子容,为Y之建筑物题咏、记、命名,1
苏轼,方子容,文风为Y所效法,1
苏轼,方子容,相唱和,1
苏轼,方子容,致书Y,1
苏轼,春娘,婢为Y,1
苏轼,晁咏之,欣赏/器重,1
苏轼,晁端友,为Y所著书作序,1
苏轼,晁端友,称道Y的诗作,1
苏轼,晁端友,答Y书,1
苏轼,晁端彦,致书Y,1
司马光,司马章,为Y作字说、名述,1
苏轼,晁补之,欣赏/器重,1
苏轼,晁补之,画赞(画像记)由Y所作,1
苏轼,晁补之,祭文由Y所作,1
司马光,司马育,为Y作字说、名述,1
司马光,司马良,为Y作字说、名述,1
苏轼,晁说之,建筑物得到Y的题咏、记、命名,1
苏轼,晁说之,推荐,1
苏轼,曹勋,书跋由Y所作,1
苏轼,曹彦约,书跋由Y所作,1
苏轼,曹辅,致Y启,1
苏轼,曹辅,致书Y,1
苏轼,曹辅,被致书由Y,1
苏轼,曾公亮,致书Y,1
苏轼,曾孝蕴,致书Y,1
苏轼,曾安止,赠诗、文,1
苏轼,曾巩,友,1
苏轼,曾巩,致书Y,1
苏轼,曾布,致书Y,1
苏轼,曾易占,为Y之建筑物题咏、记、命名,1
苏轼,曾肇,致书Y,1
苏轼,朱寿昌,为Y作画赞(画像记),1
苏轼,朱寿昌,欣赏/器重,1
司马光,司马衮,为Y作字说、名述,1
苏轼,朱寿昌,被Y欣赏/器重,1
苏轼,朱振,致书Y,1
苏轼,朱服,友,1
苏轼,朱服,学生为Y,1
苏轼,朱服,致书Y,1
司马光,司马裔,为Y作字说、名述,1
苏轼,朱象先,为Y之书、画作跋,1
苏轼,朱象先,为Y所著书作跋,1
苏轼,朱载上,从游者为Y,1
苏轼,朱长文,致书Y,1
苏轼,李中,其学为Y所宗,1
苏轼,李中行,门人为Y,1
苏轼,李之仪,与他的交往导致Y受牵连,1
司马光,司马齐,为Y作字说、名述,1
司马光,吕九成,其学得到Y之赞扬,1
苏轼,李之仪,幕僚为Y,1
司马光,吕公著,友,1
苏轼,李之纯,得到Y的支持,1
苏轼,李之纯,致书Y,1
苏轼,李亮工,从游者为Y,1
苏轼,李亮工,致书Y,1
苏轼,李伯祥,称道Y的诗作,1
苏轼,李光,建筑物得到Y的题咏、记、命名,1
苏轼,李公麟,为Y之书、画作跋,1
苏轼,李公麟,为Y所著书作跋,1
苏轼,李公麟,致书Y,1
苏轼,李大临,答Y书,1
苏轼,李宗晟,为Y之书、画作跋,1
苏轼,李宗晟,题Y之画作,1
苏轼,李定,被Y弹劾,1
苏轼,李师中,得到Y的支持,1
苏轼,李师中,被Y推荐,1
苏轼,李常,为Y之建筑物题咏、记、命名,1
苏轼,李常,友,1
苏轼,李常,致书Y,1
苏轼,李康年,从游者为Y,1
苏轼,李康年,答Y书,1
苏轼,李康年,致书Y,1
苏轼,李廌,书序由Y所作,1
苏轼,李廌,从游者为Y,1
苏轼,李廌,学生为Y,1
苏轼,李廌,称道Y之文章、学问,1
苏轼,李廌,称道Y之文风,1
司马光,吕溱,答Y启,1
司马光,吕由庚,答Y书,1
司马光,吕诲,为Y作墓志铭,1
苏轼,李彭,致书Y,1
苏轼,李德柔,为Y作临别赠言(送别诗、序),1
苏轼,李斯立,学生为Y,1
苏轼,李无晦,为Y之建筑物题咏、记、命名,1
苏轼,李昭玘,书跋由Y所作,1
司马光,吕诲,为Y作祭文,1
苏轼,李昭玘,收到Y的赠诗、文,1
苏轼,李昭玘,答Y书,1
苏轼,李昭玘,致书Y,1
苏轼,李昭玘,被致书由Y,1
苏轼,李昭玘,该学派的成员为Y,1
苏轼,李格非,称道Y之文章、学问,1
苏轼,李格非,致书Y,1
苏轼,李流芳,画风为Y所师法,1
苏轼,李清臣,友,1
苏轼,李清臣,致书Y,1
苏轼,李琮,答Y书,1
司马光,吕诲,为Y所著书作序,1
苏轼,李绍,书序由Y所作,1
苏轼,李翔,相识,1
苏轼,李育,为Y作哀辞,1
苏轼,李隲,为Y之学生,1
苏轼,李颀,与Y游,1
苏轼,杜介,致书Y,1
苏轼,杜俣,从游者为Y,1
苏轼,杜俣,友,1
苏轼,杜沂,致书Y,1
苏轼,杜舆,为Y作字说、名述,1
苏轼,杜舆,为Y所著书作跋,1
苏轼,杜舆,学生为Y,1
苏轼,杜舆,致书Y,1
苏轼,来之邵,被Y弹劾,1
苏轼,杨世昌,与Y游,1
苏轼,杨国宝,致书Y,1
苏轼,杨景略,致书Y,1
苏轼,杨杰,为Y篆匾额、器铭,1
苏轼,杨杰,从游者为Y,1
苏轼,杨绘,为Y之建筑物题咏、记、命名,1
苏轼,杨绘,致书Y,1
苏轼,杨荐,为Y作字说、名述,1
苏轼,杨蟠,相唱和,1
苏轼,杨金蝉,为Y作墓志铭,1
司马光,吴元亨,为Y作墓志铭,1
司马光,吴充,得到Y的支持,1
苏轼,林灵素,称道Y的诗作,1
苏轼,林表民,书跋由Y所作,1
苏轼,林豫,推荐,1
苏轼,柳瑾,为Y之收藏作跋,1
苏轼,柳瑾,为Y作祭文,1
苏轼,柳瑾,为Y所著书作序,1
苏轼,柳闳,为Y之书、画作跋,1
苏轼,梅尧臣,为Y所著书作跋,1
苏轼,梅尧臣,致书Y,1
苏轼,梅挚,致书Y,1
司马光,吴充,致书Y,1
司马光,吴师道,建筑物得到Y的题咏、记、命名,1
苏轼,欧阳修,为Y所著书作序,1
司马光,吴澄,书跋由Y所作,1
苏轼,欧阳修,以文章、学问受知于,1
苏轼,欧阳修,党魁为Y,1
苏轼,欧阳修,致书Y,1
苏轼,欧阳修,被Y推荐,1
苏轼,欧阳修,被Y推荐参加制科考试,1
苏轼,欧阳发,为Y作祭文,1
苏轼,欧阳发,友,1
苏轼,欧阳奕,为Y作祭文,1
苏轼,欧阳奕,致书Y,1
苏轼,欧阳守道,书跋由Y所作,1
苏轼,欧阳献,致书Y,1
苏轼,欧阳经,推荐,1
苏轼,欧阳辟,与Y游,1
苏轼,欧阳辟,致书Y,1
苏轼,段缝,致书Y,1
司马光,吴耿,为Y作临别赠言(送别诗、序),1
苏轼,毕仲游,门人为Y,1
苏轼,毛滂,推荐,1
苏轼,毛滂,收到Y的答书,1
苏轼,毛滂,答Y书,1
苏轼,毛滂,被致书由Y,1
苏轼,毛维瞻,致书Y,1
苏轼,水丘仙夫,为Y作临别赠言(送别诗、序),1
司马光,吴耿,欣赏/器重,1
苏轼,江端礼,其学得到Y之赞扬,1
苏轼,江端礼,称道Y之文章、学问,1
苏轼,江端礼,致书Y,1
司马光,吴育,致书Y,1
苏轼,汪莘,书序由Y所作,1
苏轼,沈辽,致书Y,1
苏轼,沈遘,为Y之建筑物题咏、记、命名,1
苏轼,沈遘,为Y所著书作序,1
苏轼,滕元发,为Y之建筑物题咏、记、命名,1
苏轼,滕元发,为Y作墓志铭,1
苏轼,滕元发,致书Y,1
苏轼,潘大临,从游者为Y,1
苏轼,潘谷,赠诗、文,1
司马光,吴颢,为Y作墓志铭,1
苏轼,狄咸,为Y之建筑物题咏、记、命名,1
苏轼,狄咸,为Y篆匾额、器铭,1
苏轼,狄青,为Y作传,1
司马光,周沆,为Y作神道碑,1
苏轼,王世英,画风为Y所师法,1
苏轼,王主簿,题Y之画作,1
苏轼,王举正,为Y之建筑物题咏、记、命名,1
苏轼,王元甫,会面的邀请被Y拒绝,1
苏轼,王兢,为Y之建筑物题咏、记、命名,1
苏轼,王公辅,欣赏/器重,1
苏轼,王十朋,画赞(画像记)由Y所作,1
苏轼,王古,致书Y,1
苏轼,王奥,为Y之收藏作跋,1
苏轼,王奥,为Y所著书作跋,1
苏轼,王子韶,答Y书,1
苏轼,王宁,答Y书,1
苏轼,王安国,友,1
苏轼,王安石,反对/不支持Y的政策,1
苏轼,王安石,收到Y的答书,1
苏轼,王安石,致书Y,1
苏轼,王安礼,得到Y的支持,1
苏轼,王定国,为Y作画赞(画像记),1
苏轼,王定国,为Y作砚铭,1
苏轼,王宜甫,为Y作祭文,1
司马光,周源,答Y书,1
苏轼,王巩,为Y作画赞(画像记),1
苏轼,王巩,为Y所著书作序,1
苏轼,王巩,从游者为Y,1
司马光,周紫芝,画赞(画像记)由Y所作,1
苏轼,王巩,被致书由Y,1
苏轼,王广临,致书Y,1
苏轼,王序,致书Y,1
司马光,周锷,欣赏/器重,1
苏轼,王弗,为Y作墓志铭,1
司马光,唐广仁,其学为Y所私淑,1
苏轼,王德明,推荐,1
司马光,夏竦,上奏论Y,1
司马光,夏竦,为Y作谥议,1
苏轼,王槩,致书Y,1
司马光,夏竦,反对/攻讦,1
苏轼,王涤,为Y之建筑物题咏、记、命名,1
苏轼,王涤,为Y作祠记,1
苏轼,王涤,致书Y,1
苏轼,王益柔,答Y书,1
苏轼,王直方,友,1
苏轼,王祐,赠诗、文,1
苏轼,王祜,为Y所著书作序,1
苏轼,王禹偁,为Y作画赞(画像记),1
苏轼,王箴,致书Y,1
苏轼,王素,为Y作斋、堂铭,1
苏轼,王素,为Y作画赞(画像记),1
苏轼,王素,为Y所著书作序,1
苏轼,王素,致书Y,1
苏轼,王蘧,致书Y,1
苏轼,王蘧,赠诗、文,1
苏轼,王诜,为Y之建筑物题咏、记、命名,1
苏轼,王诜,友,1
苏轼,王诜,致书Y,1
苏轼,王诜,赠诗、文,1
苏轼,王诲,相识,1
苏轼,王谠,致书Y,1
苏轼,王质,祠记由Y所作,1
苏轼,王赏,文风为Y所效法,1
苏轼,王适,为Y作墓志铭,1
苏轼,王适,从游者为Y,1
苏轼,王遹,从游者为Y,1
司马光,孔宗翰,与Y旅游,1
苏轼,王闰之,为Y作祭文,1
苏轼,王闰之,为Y所著书作跋,1
苏轼,王颐,为Y作砚铭,1
苏轼,王齐愈,致书Y,1
苏轼,琴操,称道Y的诗作,1
苏轼,田白,画风为Y所师法,1
苏轼,田锡,为Y所著书作序,1
苏轼,石康伯,为Y之建筑物题咏、记、命名,1
苏轼,石康伯,为Y作祭文,1
苏轼,石康伯,为Y所著书作序,1
苏轼,石康伯,致书Y,1
苏轼,石汝砺,论学,1
苏轼,秦观,为Y作画赞(画像记),1
苏轼,秦观,建筑物得到Y的题咏、记、命名,1
苏轼,秦观,欣赏/器重,1
苏轼,秦观,称道Y之文风,1
苏轼,秦观,答Y书,1
苏轼,秦观,被Y推荐参加制科考试,1
司马光,孔宗翰,推荐,1
苏轼,秦觏,赠诗、文,1
苏轼,程之元,为Y篆匾额、器铭,1
苏轼,程之元,致书Y,1
苏轼,程之才,忌/恶,1
苏轼,程之才,致书Y,1
苏轼,程之邵,致书Y,1
苏轼,程仁霸,为Y作传,1
司马光,孔文仲,答Y书,1
苏轼,程建用,同学、同门,1
苏轼,程建用,致书Y,1
苏轼,程怀之,称道Y的书、画,1
苏轼,程珌,书序由Y所作,1
苏轼,程珌,书跋由Y所作,1
苏轼,程筠,欣赏/器重,1
苏轼,程筠,称道Y之政绩,1
苏轼,程遵彦,推荐,1
苏轼,程颐,其学为Y所排,1
苏轼,程颐,遭Y党羽的攻讦,1
苏轼,程骧,文风为Y所效法,1
司马光,孙伟,其学为Y所宗,1
苏轼,章援,致书Y,1
苏轼,章援,被致书由Y,1
苏轼,章援,门人为Y,1
苏轼,章楶,为Y之建筑物题咏、记、命名,1
司马光,孙觌,建筑物得到Y的题咏、记、命名,1
苏轼,章衡,为Y作临别赠言(送别诗、序),1
司马光,孙路,采纳Y之献策,1
苏轼,米芾,书跋由Y所作,1
苏轼,米芾,收到Y的答书,1
苏轼,米芾,致书Y,1
苏轼,罗适,论学,1
苏轼,翟逢亨,友,1
苏轼,胡伸,欣赏/器重,1
司马光,孙长卿,上奏论Y,1
苏轼,舒焕,相唱和,1
苏轼,舒焕,答Y书,1
苏轼,艾宣,称道Y的书、画,1
苏轼,艾宣,题Y之画作,1
苏轼,苏不欺,为Y作祭文,1
苏轼,苏元老,致书Y,1
苏轼,苏千之,致书Y,1
苏轼,苏千乘,致书Y,1
苏轼,苏嘉,友,1
苏轼,苏坚,友,1
苏轼,苏坚,致书Y,1
苏轼,苏序,为Y作行状,1
苏轼,苏庠,为Y作砚铭,1
苏轼,苏庠,称道Y的诗作,1
苏轼,苏洵,为Y之建筑物题咏、记、命名,1
苏轼,苏洵,为Y作砚铭,1
苏轼,苏洵,为Y所著书作序,1
苏轼,苏洵,字说、名述由Y所作,1
苏轼,苏舜元,为Y作墓志铭,1
苏轼,苏辙,为Y所著书作序,1
苏轼,苏辙,书序由Y所作,1
苏轼,苏辙,书跋由Y所作,1
苏轼,苏辙,墓志铭由Y所作,1
司马光,孙长卿,弹劾,1
苏轼,苏辙,致书Y,1
苏轼,苏过,为Y作画赞(画像记),1
苏轼,苏过,书跋由Y所作,1
苏轼,苏过,字说、名述由Y所作,1
苏轼,苏过,致书Y,1
苏轼,苏过,赠诗、文,1
苏轼,苏迈,为Y作砚铭,1
苏轼,苏迈,致书Y,1
苏轼,苏颂,致书Y,1
苏轼,范仲淹,为Y所著书作序,1
苏轼,范冲,致书Y,1
苏轼,范子奇,致书Y,1
苏轼,范百嘉,致书Y,1
司马光,孟翱,为Y作临别赠言(送别诗、序),1
苏轼,范祖禹,答Y书,1
司马光,孟翱,同年友,1
苏轼,范祖禹,被Y推荐,1
苏轼,范纯粹,为Y之建筑物题咏、记、命名,1
苏轼,范镇,为Y作墓志铭,1
苏轼,范镇,为Y作祭文,1
苏轼,范镇,欣赏/器重,1
苏轼,范镇,称道Y之节行,1
苏轼,范镇,答Y书,1
苏轼,范镇,致书Y,1
苏轼,萧世京,致书Y,1
苏轼,萧世范,致书Y,1
苏轼,萧刓,相唱和,1
苏轼,葛延之,文风为Y所效法,1
苏轼,葛敏修,友,1
苏轼,葛胜仲,书跋由Y所作,1
苏轼,董南美,与Y游,1
苏轼,董敦逸,遭到Y的反对/攻讦,1
苏轼,董钺,相唱和,1
司马光,宇文之邵,欣赏/器重,1
苏轼,蒲永升,为Y之建筑物题咏、记、命名,1
苏轼,蒲永升,为Y所著书作跋,1
苏轼,蔡承禧,为Y作祭文,1
苏轼,蔡承禧,致书Y,1
苏轼,蔡肇,从游者为Y,1
苏轼,蔡襄,致书Y,1
司马光,安惇,不合,1
苏轼,薛绍彭,为Y作画赞(画像记),1
苏轼,薛绍彭,致书Y,1
苏轼,虞策,被Y弹劾,1
司马光,安惇,被Y陷害,1
司马光,宋庠,致书Y,1
苏轼,袁毂,幕僚为Y,1
苏轼,袁毂,相唱和,1
司马光,宋敏求,为Y所著书作序,1
苏轼,袁燮,祠记由Y所作,1
司马光,宋敏求,致书Y,1
苏轼,袁陟,致书Y,1
苏轼,褚承亮,称道Y之文风,1
苏轼,詹范,学生为Y,1
苏轼,许仲蔚,相唱和,1
苏轼,许安仁,教授Y,1
苏轼,许安仁,该学派的成员为Y,1
苏轼,许翰,书跋由Y所作,1
苏轼,许谦,书跋由Y所作,1
苏轼,谢举廉,称道Y之文章、学问,1
苏轼,谢举廉,称道Y的诗作,1
司马光,宋昌言,采纳Y之献策,1
苏轼,谢景温,被Y弹劾,1
苏轼,贾收,从Y游,1
苏轼,贾收,相唱和,1
苏轼,贾收,答Y书,1
苏轼,贾易,遭到Y的反对/攻讦,1
苏轼,赵令畤,为Y作字说、名述,1
苏轼,赵令畤,从游者为Y,1
苏轼,赵令畤,推荐,1
司马光,宋道,同会,1
苏轼,赵叔盎,相唱和,1
司马光,富弼,为Y之神道碑作额篆,1
苏轼,赵宗瑗,为Y作祭文,1
苏轼,赵崇绚,祭文由Y所作,1
苏轼,赵希元,被Y欣赏/器重,1
苏轼,赵抃,为Y作墓志铭,1
苏轼,赵抃,为Y作庙碑记,1
苏轼,赵抃,为Y作神道碑,1
苏轼,赵昶,致书Y,1
苏轼,赵棠,为Y之建筑物题咏、记、命名,1
苏轼,赵槩,为Y作墓志铭,1
苏轼,赵槩,为Y作神道碑,1
苏轼,赵煦,为Y作画赞(画像记),1
苏轼,赵煦,被Y得罪,1
苏轼,赵眘,书序由Y所作,1
苏轼,赵祯,为Y之建筑物题咏、记、命名,1
苏轼,赵逵,文风为Y所效法,1
苏轼,赵鼎臣,相唱和,1
苏轼,蹇序辰,致书Y,1
苏轼,邓润甫,致书Y,1
苏轼,邢居实,从游者为Y,1
苏轼,邵琥,拜访,1
苏轼,邵迎,为Y所著书作序,1
苏轼,邵迎,编辑Y之诗/文,1
苏轼,邵迎,编辑Y的学术作品,1
苏轼,郑少微,门人为Y,1
苏轼,郑惇方,为Y所著书作跋,1
苏轼,郭忠恕,为Y作画赞(画像记),1
苏轼,郭景修,推荐,1
苏轼,郭用孚,从游者为Y,1
苏轼,郭祥正,致书Y,1
苏轼,释了元,为Y作画赞(画像记),1
苏轼,释了元,拜访,1
苏轼,释了元,答Y书,1
司马光,富弼,为Y所著书作序,1
苏轼,释了元,被致书由Y,1
苏轼,释仁济,书风为Y所模仿,1
苏轼,释仲殊,友,1
苏轼,释元净,为Y作佛寺记,1
苏轼,释元净,为Y作画赞(画像记),1
苏轼,释元净,为Y篆匾额、器铭,1
苏轼,释元净,相唱和,1
苏轼,释可久,拜访,1
苏轼,释处严,与Y游,1
苏轼,释妙善,致书Y,1
苏轼,释宗袭,为Y作佛寺记,1
苏轼,释宝觉,为Y作画赞(画像记),1
苏轼,释宝觉,致书Y,1
苏轼,释居则,为Y作佛寺记,1
苏轼,释居简,书跋由Y所作,1
苏轼,释希白,为Y作画赞(画像记),1
苏轼,释常聪,致书Y,1
苏轼,释应符,为Y之建筑物题咏、记、命名,1
苏轼,释应符,为Y作佛寺记,1
苏轼,释应言,为Y之建筑物题咏、记、命名,1
苏轼,释应言,为Y作佛寺记,1
苏轼,释怀琏,为Y之建筑物题咏、记、命名,1
苏轼,释怀琏,为Y作庙碑记,1
苏轼,释怀琏,为Y作祭文,1
苏轼,释怀琏,致书Y,1
苏轼,释思聪,为Y作临别赠言(送别诗、序),1
苏轼,释思聪,称道Y的诗作,1
苏轼,释思聪,致书Y,1
司马光,尹材,从游者为Y,1
苏轼,释惟简,为Y作墓志铭,1
苏轼,释惟简,致书Y,1
苏轼,释惠勤,为Y所著书作序,1
司马光,尹材,推荐,1
苏轼,释惠洪,建筑物得到Y的题咏、记、命名,1
司马光,崔𬸘,其冤因Y得明,1
苏轼,释惠辩,为Y作画赞(画像记),1
苏轼,释惠辩,称道Y之节行,1
苏轼,释慧辩,临别得到Y所作赠言(送别诗、序),1
苏轼,释戒,友,1
苏轼,释敏行,为Y作佛寺记,1
苏轼,释敏行,赠诗、文,1
苏轼,释明,为Y作佛寺记,1
苏轼,释明,为Y作斋、堂铭,1
苏轼,释智通,与Y游,1
苏轼,释正信,为Y所著书作跋,1
苏轼,释正信,致书Y,1
苏轼,释法泉,友,1
苏轼,释法泰,为Y作墓志铭,1
苏轼,释法泰,致书Y,1
苏轼,释法秀,为Y作佛寺记,1
苏轼,释法秀,致书Y,1
苏轼,释法言,从游者为Y,1
司马光,席汝言,为Y所著书作序,1
苏轼,释清顺,相唱和,1
苏轼,释省聪,为Y作临别赠言(送别诗、序),1
苏轼,释知锡,为Y作佛寺记,1
苏轼,释祖堂,为Y作佛寺记,1
苏轼,释祖堂,为Y作墓志铭,1
苏轼,释纪,为Y作临别赠言(送别诗、序),1
苏轼,释继连,为Y之建筑物题咏、记、命名,1
司马光,席汝言,同会,1
苏轼,释维琳,欣赏/器重,1
苏轼,释维琳,致书Y,1
苏轼,释若愚,称道Y的诗作,1
苏轼,释道潜,为Y篆匾额、器铭,1
苏轼,释道潜,欣赏/器重,1
苏轼,释道潜,称道Y的诗作,1
苏轼,释道潜,致书Y,1
苏轼,释道潜,评论Y之著作,1
苏轼,释道臻,为Y作佛寺记,1
苏轼,释重辩,为Y作传,1
苏轼,释重辩,致书Y,1
苏轼,钟棐,为Y作哀辞,1
苏轼,钱世雄,学生为Y,1
苏轼,钱世雄,答Y书,1
司马光,庞元鲁,为Y作墓志铭,1
苏轼,钱俶,为Y作庙碑记,1
苏轼,钱公辅,为Y作哀辞,1
苏轼,钱勰,致书Y,1
苏轼,钱龢,为Y篆匾额、器铭,1
苏轼,钱𫖮,赠诗、文,1
苏轼,闻人安道,友,1
苏轼,闾丘孝终,友,1
苏轼,陆佃,致书Y,1
苏轼,陆惟忠,为Y作墓志铭,1
苏轼,陆惟忠,致书Y,1
苏轼,陆游,书序由Y所作,1
司马光,庞籍,为Y作墓志铭,1
苏轼,陆游,画赞(画像记)由Y所作,1
苏轼,陈太初,同学、同门,1
苏轼,陈师道,推荐,1
苏轼,陈师道,称道Y之文风,1
苏轼,陈师道,答Y书,1
苏轼,陈师道,被致书由Y,1
苏轼,陈师锡,推荐,1
苏轼,陈师锡,致书Y,1
苏轼,陈希亮,为Y作传,1
苏轼,陈开,欣赏/器重,1
苏轼,陈慥,为Y作传,1
苏轼,陈慥,称道Y的诗作,1
苏轼,陈慥,致书Y,1
苏轼,陈慥,论学,1
苏轼,陈敏,从游者为Y,1
苏轼,陈舜俞,为Y作祝词,1
苏轼,陈舜俞,为Y作祭文,1
苏轼,陈著,书跋由Y所作,1
苏轼,陈襄,被Y推荐,1
苏轼,陈贻序,称道Y之文章、学问,1
苏轼,陈贻序,称道Y的诗作,1
苏轼,陈轼,为Y作祭文,1
苏轼,陈轼,致书Y,1
苏轼,陈辅,欣赏/器重,1
苏轼,陈辅,致书Y,1
苏轼,陈造,书跋由Y所作,1
苏轼,雷简夫,拜访,1
苏轼,雷胜,为Y所著书作序,1
苏轼,韦许,与Y游,1
司马光,庞籍,为Y作祭文,1
苏轼,韩琦,为Y之建筑物题咏、记、命名,1
司马光,庞籍,为Y所著书作序,1
苏轼,韩琦,为Y所著书作跋,1
司马光,庞籍,致Y启,1
司马光,张中庸,为Y作祭文,1
苏轼,韩缜,致书Y,1
苏轼,顾临,欣赏/器重,1
苏轼,颜太初,为Y所著书作序,1
苏轼,饶蒙,书跋由Y所作,1
苏轼,马瑊,致书Y,1
苏轼,马闲卿,画风为Y所师法,1
苏轼,高俅,推荐,1
苏轼,高登,画赞(画像记)由Y所作,1
苏轼,高述,画风为Y所师法,1
苏轼,魏了翁,书序由Y所作,1
司马光,张九成,书跋由Y所作,1
苏轼,鲁有开,致书Y,1
苏轼,鲍由,友,1
苏轼,鲜于侁,为Y所著书作跋,1
苏轼,鲜于侁,欣赏/器重,1
苏轼,鲜于侁,答Y书,1
苏轼,黄好谦,为Y作祭文,1
苏轼,黄好谦,致书Y,1
苏轼,黄孝先,为Y所作诗文作序,1
苏轼,黄孝先,为Y所著书作跋,1
苏轼,黄寔,致书Y,1
司马光,张元常,为Y作祭文,1
司马光,张共,为Y作字说、名述,1
苏轼,黄庭坚,友,1
司马光,张商英,遭到Y的反对/攻讦,1
苏轼,黄庭坚,推荐,1
苏轼,黄庭坚,收到Y的答书,1
苏轼,黄庭坚,欣赏/器重,1
司马光,张子充,为Y作墓志铭,1
苏轼,黄庭坚,答Y书,1
司马光,张存,为Y作墓志铭,1
苏轼,黄庭坚,门人为Y,1
苏轼,黎子云,致书Y,1
苏轼,黎𬭚,为Y之建筑物题咏、记、命名,1
苏轼,黎𬭚,致书Y,1
苏辙,丘铸,同道,1
苏辙,任伋,为Y之建筑物题咏、记、命名,1
苏辙,任伋,为Y作佛寺记,1
苏辙,侯晋升,友,1
苏辙,刘巨,为Y之学生,1
苏辙,刘涣,为Y作哀辞,1
苏辙,刘涣,为Y所著书作序,1
苏辙,史清卿,为Y之门人,1
苏辙,司马光,为Y之学生,1
苏辙,司马光,为Y作祭文,1
苏辙,司马光,为Y所著书作序,1
苏辙,吕和卿,弹劾,1
苏辙,吕惠卿,反对/攻讦,1
苏辙,吴俦,学生为Y,1
苏辙,吴复古,称道Y之节行,1
苏辙,吴安诗,与他的交往导致Y受牵连,1
苏辙,吴范,与Y游,1
苏辙,吴范,拜访,1
苏辙,周必大,书序由Y所作,1
司马光,张徽,友,1
苏辙,姜君弼,欣赏/器重,1
苏辙,孙景修,为Y所著书作序,1
苏辙,孙朴,为Y所著书作跋,1
苏辙,孟德,为Y作传,1
苏辙,家勤国,同学、同门,1
苏辙,家愿,欣赏/器重,1
苏辙,家愿,称道Y之文风,1
苏辙,巢谷,为Y作传,1
苏辙,巢谷,友,1
苏辙,张恕,友,1
苏辙,张掞,为Y作祭文,1
苏辙,张方平,为Y乞某事,1
司马光,张方平,上奏论Y,1
苏辙,张方平,为Y作谥议,1
苏辙,张梦得,为Y之建筑物题咏、记、命名,1
苏辙,张颉,弹劾,1
苏辙,徐师回,为Y之建筑物题咏、记、命名,1
苏辙,徐常,从游者为Y,1
苏辙,戴表元,书跋由Y所作,1
司马光,张氏(司马光妻),为Y作传,1
苏辙,文同,为Y作祭文,1
苏辙,文天祥,建筑物得到Y的题咏、记、命名,1
苏辙,施大任,友,1
苏辙,施辩,为Y之建筑物题咏、记、命名,1
司马光,张焘,为Y所著书作序,1
苏辙,李之纯,与他的交往导致Y受牵连,1
苏辙,李之纯,得到Y的支持,1
苏辙,李宗易,与Y游,1
司马光,张砥,奏录Y之文,1
苏辙,李宥,为Y作祭文,1
苏辙,李无晦,为Y之建筑物题咏、记、命名,1
苏辙,李昭玘,被致书由Y,1
苏辙,李昭玘,该学派的成员为Y,1
苏辙,李清臣,因与Y的交往受牵连,1
苏辙,李清臣,考官为Y,1
苏辙,杨亿,为Y之建筑物题咏、记、命名,1
苏辙,杨康国,被Y弹劾,1
苏辙,杨畋,为Y作哀辞,1
苏辙,杨畏,得到Y的支持,1
苏辙,杨金蝉,被Y养育,1
苏辙,柳叙,为Y之建筑物题咏、记、命名,1
苏辙,柳真公,相唱和,1
苏辙,檀固,得到Y的支持,1
苏辙,檀固,遭Y排挤,1
司马光,张砥,答Y书,1
苏辙,欧阳修,为Y作神道碑,1
苏辙,欧阳修,为Y作祭文,1
苏辙,欧阳棐,答Y书,1
苏辙,毕仲游,被致书由Y,1
司马光,张耒,书跋由Y所作,1
苏辙,毛维瞻,友,1
苏辙,汪应辰,著作被Y评论,1
苏辙,王东美,为Y作墓志铭,1
苏辙,王十朋,画赞(画像记)由Y所作,1
苏辙,王安石,反对/不支持Y的政策,1
苏辙,王定国,为Y之建筑物题咏、记、命名,1
苏辙,王巩,为Y之建筑物题咏、记、命名,1
苏辙,王巩,同道,1
苏辙,王巩,推荐,1
苏辙,王巩,赠诗、文,1
苏辙,王弗,为Y作祭文,1
苏辙,王当,推荐,1
苏辙,王当,推荐Y参加制科考试,1
苏辙,王正路,为Y作祭文,1
苏辙,王炎,书跋由Y所作,1
苏辙,王适,为Y所著书作序,1
苏辙,王适,书序由Y所作,1
苏辙,王遹,为Y作祭文,1
苏辙,王韶,为Y作墓志铭,1
苏辙,王韶,为Y作祭文,1
苏辙,秦观,被致书由Y,1
苏辙,程骧,文风为Y所效法,1
苏辙,章傅,弟子为Y,1
苏辙,章惇,反对/攻讦,1
苏辙,章惇,弹劾,1
苏辙,苏森,书跋由Y所作,1
司马光,张耒,祠记由Y所作,1
苏辙,苏洵,字说、名述由Y所作,1
苏辙,苏筑,为Y作字说、名述,1
苏辙,苏策,为Y作字说、名述,1
苏辙,苏筠,为Y作字说、名述,1
苏辙,苏简,为Y作字说、名述,1
苏辙,苏籀,为Y作字说、名述,1
苏辙,苏籀,传记作者为Y,1
苏辙,苏范,为Y作字说、名述,1
苏辙,苏诩,书跋由Y所作,1
苏辙,苏轼,为Y作墓志铭,1
司马光,张耒,祭文由Y所作,1
苏辙,苏轼,为Y所著书作序,1
苏辙,苏轼,为Y所著书作跋,1
苏辙,苏轼,书序由Y所作,1
苏辙,苏轼,被致书由Y,1
苏辙,苏过,祭文由Y所作,1
苏辙,范百揆,为Y作祭文,1
苏辙,范纯礼,为Y作祭文,1
苏辙,范镇,为Y作祭文,1
苏辙,范镇,为Y所著书作序,1
苏辙,萧刓,相唱和,1
苏辙,蔡挺,为Y作祭文,1
苏辙,蔡确,反对/不支持Y的政策,1
苏辙,薛氏(欧阳修妻),为Y作墓志铭,1
苏辙,虞集,书跋由Y所作,1
苏辙,赵抃,为Y之建筑物题咏、记、命名,1
苏辙,郑元祐,学记（书院记）由Y所作,1
司马光,刘子翚,匾额、器铭由Y所篆,1
苏辙,陈知俭,为Y之建筑物题咏、记、命名,1
苏辙,雷简夫,拜访,1
苏辙,韩元吉,祠记由Y所作,1
苏辙,韩琦,为Y作祭文,1
苏辙,韩缜,弹劾,1
苏辙,韩驹,学生为Y,1
苏辙,马廷鸾,建筑物得到Y的题咏、记、命名,1
苏辙,高氏(赵曙妻),为Y作谥议,1
苏辙,魏了翁,书跋由Y所作,1
苏辙,鲜于侁,为Y作哀辞,1
苏辙,黄寔,为Y作祭文,1
苏辙,黄庭坚,书跋由Y所作,1
苏辙,黄庭坚,收到Y的答书,1
苏辙,黄庭坚,被致书由Y,1
苏辙,陆师闵,反对/攻讦,1
司马光,司马亮,为Y作字说、名述,1
司马光,刘安世,推荐,1
司马光,刘忱,答Y书,1
司马光,刘恕,为Y乞某事,1
司马光,刘恕,为Y所著书作序,1
司马光,刘恕,合撰(编)著作,1
司马光,刘恕,致书Y,1
司马光,刘攽,合撰(编)著作,1
司马光,刘氏(吴蒨妻),为Y作墓志铭,1
司马光,刘渤,得到Y的支持,1
司马光,刘蒙,答Y书,1
司马光,刘述,致Y启,1
司马光,叶涛,其政策被Y反对/不支持,1
司马光,叶适,祠记由Y所作,1
司马光,司马京,为Y作字说、名述,1
司马光,刘安世,学生为Y,1
